,date,text,topic,topic_proba
45477,1684663200,"–í —ç—Ç–æ–º –≥–æ–¥—É —Ö–µ–¥–ª–∞–π–Ω–µ—Ä–æ–º —Ñ–µ—Å—Ç–∏–≤–∞–ª—è ¬´–¢–∞–π–Ω—ã –≥–æ—Ä—ã –ö—Ä–µ—Å—Ç–æ–≤–æ–π¬ª –≤–Ω–æ–≤—å —Å—Ç–∞–Ω–µ—Ç –ü–µ—Ä–º—Å–∫–∏–π —Ç–µ–∞—Ç—Ä –æ–ø–µ—Ä—ã –∏ –±–∞–ª–µ—Ç–∞, –∫–æ—Ç–æ—Ä—ã–π –ø—Ä–µ–¥—Å—Ç–∞–≤–∏—Ç —Å—é–∏—Ç—É —Ç–∞–Ω—Ü–µ–≤ –∏–∑ –±–∞–ª–µ—Ç–∞ –ê—Ä–∞–º–∞ –•–∞—á–∞—Ç—É—Ä—è–Ω–∞.

https://www.business-class.su/news/2023/05/08/yubilei-ukrasyat-zakatom-festival-tainy-gory-krestovoi-12-v-etom-godu-proidet-po-novomu",–ö—É–ª—å—Ç—É—Ä–∞,0.9933031
45476,1684656000,"–ê–≤–∏–∞–∫–æ–º–ø–∞–Ω–∏—è Azur Air –∑–∞–ø—Ä–æ—Å–∏–ª–∞ –¥–æ–ø—É—Å–∫ –Ω–∞ –ø–æ–ª–µ—Ç—ã –∏–∑ –ü–µ—Ä–º–∏ –≤ –ó–∞–Ω–∑–∏–±–∞—Ä.

https://www.business-class.su/news/2023/05/19/aviakompaniya-azur-air-planiruet-sovershat-pryamye-reisy-iz-permi-v-zanzibar",–≠–∫–æ–Ω–æ–º–∏–∫–∞,0.9353861
45474,1684648800,"–ê–ø–µ–ª–ª—è—Ü–∏–æ–Ω–Ω–∞—è –∏–Ω—Å—Ç–∞–Ω—Ü–∏—è —Ä–∞—Å—Å–º–æ—Ç—Ä–µ–ª–∞ –∂–∞–ª–æ–±—É –ø—Ä–æ–∫—É—Ä–∞—Ç—É—Ä—ã –Ω–∞ —Ä–µ—à–µ–Ω–∏–µ –ø–æ —É–≥–æ–ª–æ–≤–Ω–æ–º—É –¥–µ–ª—É –≤ –æ—Ç–Ω–æ—à–µ–Ω–∏–∏ –±—ã–≤—à–µ–≥–æ –¥–∏—Ä–µ–∫—Ç–æ—Ä–∞ –£–ø—Ä–∞–≤–ª–µ–Ω–∏—è –∫–∞–ø–∏—Ç–∞–ª—å–Ω–æ–≥–æ —Å—Ç—Ä–æ–∏—Ç–µ–ª—å—Å—Ç–≤–∞ –ü–µ—Ä–º—Å–∫–æ–≥–æ –∫—Ä–∞—è –î–º–∏—Ç—Ä–∏—è –õ–µ–≤–∏–Ω—Å–∫–æ–≥–æ. –í –Ω–∞—á–∞–ª–µ –º–∞—Ä—Ç–∞ —ç—Ç–æ–≥–æ –≥–æ–¥–∞ –õ–µ–Ω–∏–Ω—Å–∫–∏–π —Ä–∞–π–æ–Ω–Ω—ã–π —Å—É–¥ –ø—Ä–∏–∑–Ω–∞–ª –µ–≥–æ –≤–∏–Ω–æ–≤–Ω—ã–º –≤ –ø–æ–ª—É—á–µ–Ω–∏–∏ –≤–∑—è—Ç–∫–∏ –≤ –æ—Å–æ–±–æ –∫—Ä—É–ø–Ω–æ–º —Ä–∞–∑–º–µ—Ä–µ.

https://www.business-class.su/news/2023/05/18/sud-uzhestochil-prigovor-eks-glave-upravleniya-kapitalnogo-stroitelstva-permskogo-kraya",–°–∏–ª–æ–≤—ã–µ —Å—Ç—Ä—É–∫—Ç—É—Ä—ã,0.8914843
45473,1684641600,"–î–æ–∫—É–º–µ–Ω—Ç–∞—Ü–∏—é –¥–ª—è –∏–∑—ä—è—Ç–∏—è –≤ –≥–æ—Å—É–¥–∞—Ä—Å—Ç–≤–µ–Ω–Ω—É—é —Å–æ–±—Å—Ç–≤–µ–Ω–Ω–æ—Å—Ç—å –Ω–µ–¥–≤–∏–∂–∏–º–æ—Å—Ç–∏ —Å —Ü–µ–ª—å—é —Å—Ç—Ä–æ–∏—Ç–µ–ª—å—Å—Ç–≤–∞ –≤—Ç–æ—Ä–æ–≥–æ —É—á–∞—Å—Ç–∫–∞ —Ç—Ä–∞—Å—Å—ã –¢–†-53 –ø–æ–¥–≥–æ—Ç–æ–≤–∏—Ç –ê–û ¬´–°—Ç—Ä–æ–π–∑–µ–º–Ω–µ–¥–≤–∏–∂–∏–º–æ—Å—Ç—å-–ü–µ—Ä–º—å¬ª. –°–µ–π—á–∞—Å –£–ø—Ä–∞–≤–ª–µ–Ω–∏–µ –∞–≤—Ç–æ–º–æ–±–∏–ª—å–Ω—ã—Ö –¥–æ—Ä–æ–≥ –∏ —Ç—Ä–∞–Ω—Å–ø–æ—Ä—Ç–∞ –ü–µ—Ä–º—Å–∫–æ–≥–æ –∫—Ä–∞—è –∑–∞–∫–ª—é—á–∞–µ—Ç —Å –∫–æ–º–ø–∞–Ω–∏–µ–π –∫–æ–Ω—Ç—Ä–∞–∫—Ç –Ω–∞ —Å—É–º–º—É 21,2 –º–ª–Ω —Ä—É–±–ª–µ–π.

https://www.business-class.su/news/2023/05/18/vlasti-nashli-podryadchika-dlya-izyatiya-nedvizhimosti-dlya-stroitelstva-trassy-tr-53",–ì–æ—Ä–æ–¥,0.6900816
45465,1684555200,"Business Class —Ä–∞—Å—Å–∫–∞–∑—ã–≤–∞–µ—Ç –æ–± —É—Å–ø–µ—à–Ω—ã—Ö –ø–µ—Ä–º—Å–∫–∏—Ö —Å—Ç–∞—Ä—Ç–∞–ø–∞—Ö, –∫–æ—Ç–æ—Ä—ã–µ —É–ø—Ä–æ—â–∞—é—Ç –∏–ª–∏ —Å–æ–≤–µ—Ä—à–µ–Ω—Å—Ç–≤—É—é—Ç –ø—Ä–æ–º—ã—à–ª–µ–Ω–Ω–æ–µ –ø—Ä–æ–∏–∑–≤–æ–¥—Å—Ç–≤–æ, —É—Å–∫–æ—Ä—è—é—Ç –ø–µ—Ä–µ–¥–∞—á—É –∫–æ–Ω—Ç–µ–Ω—Ç–∞, –¥–µ–ª–∞—é—Ç –±–µ–∑–æ–ø–∞—Å–Ω–µ–µ –≥–æ—Ä–æ–¥—Å–∫—É—é —Å—Ä–µ–¥—É.

https://www.business-class.su/news/2023/05/19/trafik-pechat-i-sypuchie-materialy-rasskazyvaem-o-permskih-vysokotehnologichnyh-startapah-v-b2b",–ì–æ—Ä–æ–¥,0.99612916
45464,1684515601,"–ì–æ—Ä–æ–¥—Å–∫–∏–µ –≤–ª–∞—Å—Ç–∏ –ø—Ä–æ—Ä–∞–±–∞—Ç—ã–≤–∞—é—Ç –≤–æ–ø—Ä–æ—Å —É–ª—É—á—à–µ–Ω–∏—è —Ç—Ä–∞–Ω—Å–ø–æ—Ä—Ç–Ω–æ–π –¥–æ—Å—Ç—É–ø–Ω–æ—Å—Ç–∏ –º–∏–∫—Ä–æ—Ä–∞–π–æ–Ω–∞ –ö—Ä–∞—Å–Ω—ã–µ –ö–∞–∑–∞—Ä–º—ã –≠—Ç—É —Ç–µ–º—É –ø–æ–¥–Ω—è–ª –¥–µ–ø—É—Ç–∞—Ç –ü–µ—Ä–º—Å–∫–æ–π –î—É–º—ã –ù–∏–∫–æ–ª–∞–π –ë—É–ª–∞—Ç–æ–≤ –Ω–∞ –∑–∞—Å–µ–¥–∞–Ω–∏–∏ –∫–æ–º–∏—Ç–µ—Ç–∞ –ø–æ –≥–æ—Ä–æ–¥—Å–∫–æ–º—É —Ö–æ–∑—è–π—Å—Ç–≤—É.

https://www.business-class.su/news/2023/05/18/v-mikroraione-krasnye-kazarmy-mozhet-poyavitsya-novaya-avtobusnaya-ostanovka",–ì–æ—Ä–æ–¥,0.43512848
45462,1684508402,"–í –ø–µ—Ä–º—Å–∫–∏—Ö —Ç–æ—Ä–≥–æ–≤—ã—Ö —Ü–µ–Ω—Ç—Ä–∞—Ö —Å–æ–∑–¥–∞–¥—É—Ç —Å–ø–µ—Ü–∏–∞–ª—å–Ω—ã–µ –¥–æ—Å—É–≥–æ–≤—ã–µ –ø—Ä–æ—Å—Ç—Ä–∞–Ω—Å—Ç–≤–∞ –¥–ª—è –ø–æ–¥—Ä–æ—Å—Ç–∫–æ–≤. –ü–µ—Ä–≤–∞—è –ø–æ–¥–æ–±–Ω–∞—è –ø–ª–æ—â–∞–¥–∫–∞ –≤ –∏—é–Ω–µ –ø–æ—è–≤–∏—Ç—Å—è –≤ –¢–†–¶ ¬´–ü–ª–∞–Ω–µ—Ç–∞¬ª. –ì–ª–∞–≤–∞ –ü–µ—Ä–º–∏ –ê–ª–µ–∫—Å–µ–π –î—ë–º–∫–∏–Ω —Ä–∞—Å—Å–∫–∞–∑–∞–ª, —á—Ç–æ –≥–æ—Ä–æ–¥—Å–∫–∏–µ –≤–ª–∞—Å—Ç–∏ –æ—Ä–≥–∞–Ω–∏–∑—É—é—Ç —Ä–∞–∑–ª–∏—á–Ω—ã–µ –º–∞—Å—Ç–µ—Ä-–∫–ª–∞—Å—Å—ã, —Å–æ—Ä–µ–≤–Ω–æ–≤–∞–Ω–∏—è, –∫–æ–Ω—Ü–µ—Ä—Ç—ã –¥–ª—è –ø–æ–¥—Ä–æ—Å—Ç–∫–æ–≤.

https://www.business-class.su/news/2023/05/19/master-klassy-i-koncerty-v-torgovyh-centrah-permi-poyavyatsya-prostranstva-dlya-podrostkov",–ì–æ—Ä–æ–¥,0.8184483
45461,1684501321,"–ü–æ–¥–≤–µ–¥–µ–Ω—ã –∏—Ç–æ–≥–∏ —Ä–µ–≥–∏–æ–Ω–∞–ª—å–Ω–æ–≥–æ –∫–æ–Ω–∫—É—Ä—Å–∞ ¬´–ü—É—Ç–µ—à–µ—Å—Ç–≤–∏–µ –ø–æ –ü–µ—Ä–º—Å–∫–æ–º—É –∫—Ä–∞—é¬ª, –∫–æ—Ç–æ—Ä—ã–π —Ä–µ–∞–ª–∏–∑—É–µ—Ç—Å—è –ø–æ –∏–Ω–∏—Ü–∏–∞—Ç–∏–≤–µ –ø—Ä–µ–¥—Å–µ–¥–∞—Ç–µ–ª—è –ó–∞–∫–æ–Ω–æ–¥–∞—Ç–µ–ª—å–Ω–æ–≥–æ –°–æ–±—Ä–∞–Ω–∏—è —Ä–µ–≥–∏–æ–Ω–∞ –í–∞–ª–µ—Ä–∏—è –°—É—Ö–∏—Ö. –ê–≤—Ç–æ—Ä—Å–∫–∏–µ –º–∞—Ä—à—Ä—É—Ç—ã —Å–µ–º–∏ –ø–æ–±–µ–¥–∏—Ç–µ–ª–µ–π —Å—Ç–∞–Ω—É—Ç –æ—Å–Ω–æ–≤–æ–π –¥–ª—è —Ç–µ–ª–µ—Ñ–∏–ª—å–º–æ–≤. 

https://www.business-class.su/news/2023/05/19/v-permskom-krae-snimut-filmy-o-semi-territoriyah-regiona",–ö—É–ª—å—Ç—É—Ä–∞,0.4341963
45458,1684494002,"–ü–µ—Ä–º—è–∫–æ–≤ –∂–¥—É—Ç —Ç–µ–ø–ª—ã–µ –≤—ã—Ö–æ–¥–Ω—ã–µ. –ê –≤–æ—Ç –≤ –ø–æ–Ω–µ–¥–µ–ª—å–Ω–∏–∫ –≤–æ–∑–º–æ–∂–Ω—ã –¥–æ–∂–¥–∏.

https://www.business-class.su/news/2023/05/19/v-vyhodnye-v-permskom-krae-potepleet-do-25-gradusov-bez-osadkov",–ì–æ—Ä–æ–¥,0.37156716
45457,1684486805,"19 –º–∞—è –≤ –°–æ–≤–µ—Ç—Å–∫–æ–º —Å–æ—é–∑–µ –æ—Ç–º–µ—á–∞–ª—Å—è –¥–µ–Ω—å —Å–æ–∑–¥–∞–Ω–∏—è –æ–¥–Ω–æ–π –∏–∑ —Å–∞–º—ã—Ö –∏–∑–≤–µ—Å—Ç–Ω—ã—Ö –≤ –º–∏—Ä–µ –¥–µ—Ç—Å–∫–∏—Ö –æ—Ä–≥–∞–Ω–∏–∑–∞—Ü–∏–π. –ê—Ä—Ö–∏–≤–Ω—ã–µ —Ñ–æ—Ç–æ–≥—Ä–∞—Ñ–∏–∏ –ø–æ–∑–≤–æ–ª—è—é—Ç –≤—Å–ø–æ–º–Ω–∏—Ç—å, —á–µ–º –∂–∏–ª–∏ –ø–∏–æ–Ω–µ—Ä—ã –≤ –ü—Ä–∏–∫–∞–º—å–µ.

üëâ –ï—â–µ –±–æ–ª—å—à–µ –∞—Ä—Ö–∏–≤–Ω—ã—Ö –º–∞—Ç–µ—Ä–∏–∞–ª–æ–≤ –ø–æ —Å—Å—ã–ª–∫–µ: https://www.business-class.su/news/2016/05/19/vzveytes-kostrami",–ö—É–ª—å—Ç—É—Ä–∞,0.7337792
45443,1684480259,"–£—Ç—Ä–æ–º —Å–æ—Ç—Ä—É–¥–Ω–∏–∫–∏ –§–°–ë –ø—Ä–æ–≤–µ–ª–∏ –æ–±—ã—Å–∫–∏ —É –ø–µ—Ä–º—Å–∫–∏—Ö –ø—Ä–∞–≤–æ–∑–∞—â–∏—Ç–Ω–∏–∫–æ–≤. –í –∏—Ö —á–∏—Å–ª–µ —ç–∫—Å-—É–ø–æ–ª–Ω–æ–º–æ—á–µ–Ω–Ω—ã–π –ø–æ –ø—Ä–∞–≤–∞–º —á–µ–ª–æ–≤–µ–∫–∞ –≤ –ü–µ—Ä–º—Å–∫–æ–º –∫—Ä–∞–µ –¢–∞—Ç—å—è–Ω–∞ –ú–∞—Ä–≥–æ–ª–∏–Ω–∞ –∏ –°–≤–µ—Ç–ª–∞–Ω–∞ –ú–∞–∫–æ–≤–µ—Ü–∫–∞—è, –∫–æ—Ç–æ—Ä—ã–µ —è–≤–ª—è—é—Ç—Å—è —á–ª–µ–Ω–∞–º –°–æ–≤–µ—Ç–∞ –ø–æ –ø—Ä–∞–≤–∞–º —á–µ–ª–æ–≤–µ–∫–∞ –ø—Ä–∏ –ø—Ä–µ–∑–∏–¥–µ–Ω—Ç–µ –†–§.

https://www.business-class.su/news/2023/05/19/sotrudniki-fsb-proveli-obyski-u-permskih-pravozashchitnikov",–°–∏–ª–æ–≤—ã–µ —Å—Ç—Ä—É–∫—Ç—É—Ä—ã,0.7789223
45442,1684471587,"–≠–∫—Å–ø—Ä–µ—Å—Å-–º–∞—Ä—à—Ä—É—Ç ‚Ññ1—Ç ¬´–ú–∏–∫—Ä–æ—Ä–∞–π–æ–Ω –ó–∞–æ–∑–µ—Ä—å–µ ‚Äì –¶–µ–Ω—Ç—Ä–∞–ª—å–Ω—ã–π —Ä—ã–Ω–æ–∫¬ª, –∫–æ—Ç–æ—Ä—ã–π —Å–≤—è–∂–µ—Ç –º–∏–∫—Ä–æ—Ä–∞–π–æ–Ω—ã –ó–∞–æ–∑–µ—Ä—å–µ –∏ –ì–∞–π–≤–∞ —Å —Ü–µ–Ω—Ç—Ä–æ–º –≥–æ—Ä–æ–¥–∞ —É—Å–∫–æ—Ä–µ–Ω–Ω—ã–º —Å–æ–æ–±—â–µ–Ω–∏–µ–º, –ø–ª–∞–Ω–∏—Ä—É–µ—Ç—Å—è –∑–∞–ø—É—Å—Ç–∏—Ç—å –≤ —Å–µ–Ω—Ç—è–±—Ä–µ. 

https://www.business-class.su/news/2023/05/18/ekspress-marshrut-do-gaivy-i-zaozerya-planiruetsya-otkryt-k-oseni",–ì–æ—Ä–æ–¥,0.8433942
45441,1684427400,"–ü–æ—Ç–µ–ø–ª–µ–Ω–∏–µ –Ω–∞—á–Ω–µ—Ç—Å—è –≤ –≤–æ—Å–∫—Ä–µ—Å–µ–Ω—å–µ. –í —Ä–µ–∑—É–ª—å—Ç–∞—Ç–µ –≤–æ –≤—Ç–æ—Ä–æ–π –ø–æ–ª–æ–≤–∏–Ω–µ –ø—Ä–µ–¥—Å—Ç–æ—è—â–µ–π –Ω–µ–¥–µ–ª–∏ –≤–µ—Ä–æ—è—Ç–Ω–∞ –∂–∞—Ä–∞ –¥–æ +30Àö.

https://www.business-class.su/news/2023/05/18/potepleet-do-30-gradusov-v-permskom-krae-nachalos-meteorologicheskoe-leto",–ì–æ—Ä–æ–¥,0.96544033
45440,1684420200,"–ü—Ä–æ–º–µ–Ω–∞–¥–Ω—É—é —á–∞—Å—Ç—å –Ω–∞–±–µ—Ä–µ–∂–Ω–æ–π –ö–∞–º—ã –≤ —Ä–∞–π–æ–Ω–µ –†–µ—á–Ω–æ–≥–æ –≤–æ–∫–∑–∞–ª–∞ –ø–ª–∞–Ω–∏—Ä—É–µ—Ç—Å—è –æ—Ç–∫—Ä—ã—Ç—å –∫ –Ω–∞—á–∞–ª—É –∏—é–Ω—è. –°—Ç—Ä–æ–µ–Ω–∏—è –Ω–∞ —Ñ–æ—Ç–æ ‚Äì —ç—Ç–æ —Å–∏–¥–µ–Ω–∏—è –±—É–¥—É—â–µ–≥–æ –∞–º—Ñ–∏—Ç–µ–∞—Ç—Ä–∞ –Ω–∞ –æ—Ç–∫–æ—Å–µ –±–µ—Ä–µ–≥–æ–≤–æ–≥–æ —É–∫—Ä–µ–ø–ª–µ–Ω–∏—è.

https://www.business-class.su/news/2023/05/18/promenadnuyu-chast-naberezhnoi-v-permi-planiruyut-otkryt-v-nachale-iyunya",–ì–æ—Ä–æ–¥,0.742563
45439,1684413000,"–í –ü–µ—Ä–º—Å–∫–æ–º –∫—Ä–∞–µ –ø–ª–∞–Ω–∏—Ä—É—é—Ç —Å–æ–∑–¥–∞—Ç—å —Ç—Ä–∏ —Ä–µ–µ—Å—Ç—Ä–∞ —Ç–∞–∫—Å–∏. –í –Ω–∏—Ö –±—É–¥—É—Ç –∑–∞–Ω–æ—Å–∏—Ç—å –¥–∞–Ω–Ω—ã–µ –æ –≤–æ–¥–∏—Ç–µ–ª—è—Ö, —Ç—Ä–∞–Ω—Å–ø–æ—Ä—Ç–Ω—ã—Ö —Å—Ä–µ–¥—Å—Ç–≤–∞—Ö –∏ —Å–ª—É–∂–±–∞—Ö —Ç–∞–∫—Å–∏. 

https://www.business-class.su/news/2023/05/17/informaciyu-o-deyatelnosti-taksi-v-permskom-krae-nachnut-fiksirovat-v-treh-reestrah",–ì–æ—Ä–æ–¥,0.8001751
45438,1684405800,"–£–ø—Ä–∞–≤–ª–µ–Ω–∏–µ –†–æ—Å–ø–æ—Ç—Ä–µ–±–Ω–∞–¥–∑–æ—Ä–∞ –ø–æ –ü–µ—Ä–º—Å–∫–æ–º—É –∫—Ä–∞—é –ø—Ä–∏–∑–Ω–∞–ª–æ –Ω–µ–∑–∞–∫–æ–Ω–Ω–æ–π –ø—Ä–æ–¥–∞–∂—É –∫–æ—Ñ–µ–π–Ω—ã—Ö –Ω–∞–ø–∏—Ç–∫–æ–≤ —Å –≥—Ä—É–¥–Ω—ã–º –º–æ–ª–æ–∫–æ–º, –∫–æ—Ç–æ—Ä—ã–µ —Ä–µ–∫–ª–∞–º–∏—Ä—É–µ—Ç –æ–¥–Ω–∞ –∏–∑ –∫–æ—Ñ–µ–µ–Ω –ü–µ—Ä–º–∏. –í–µ–¥–æ–º—Å—Ç–≤–æ –Ω–∞—á–∞–ª–æ –ø—Ä–æ–≤–µ—Ä–∫—É –≤ –æ—Ç–Ω–æ—à–µ–Ω–∏–∏ –∑–∞–≤–µ–¥–µ–Ω–∏—è.

https://www.business-class.su/news/2023/05/17/rospotrebnadzor-proverit-informaciyu-ob-ispolzovanii-permskoi-kofeinei-grudnogo-moloka",–≠–∫–æ–Ω–æ–º–∏–∫–∞,0.5900006
45437,1684398600,"–ö 2024 –≥–æ–¥—É –≤–ª–∞—Å—Ç–∏ –ü–µ—Ä–º—Å–∫–æ–≥–æ –∫—Ä–∞—è –Ω–∞–º–µ—Ä–µ–Ω—ã –ª–∏–∫–≤–∏–¥–∏—Ä–æ–≤–∞—Ç—å –ï–¥–∏–Ω—ã–π —Ä–µ–µ—Å—Ç—Ä –ø—Ä–æ–±–ª–µ–º–Ω—ã—Ö –æ–±—ä–µ–∫—Ç–æ–≤ –ø–æ—Å–ª–µ —Ç–æ–≥–æ, –∫–∞–∫ –æ–±—ä–µ–∫—Ç—ã –±—É–¥—É—Ç –ª–∏–±–æ –≤–≤–µ–¥–µ–Ω—ã –≤ —ç–∫—Å–ø–ª—É–∞—Ç–∞—Ü–∏—é, –ª–∏–±–æ –¥–æ–ª—å—â–∏–∫–∏ –ø–æ–ª—É—á–∞—Ç –∫–æ–º–ø–µ–Ω—Å–∞—Ü–∏—é. 

https://www.business-class.su/news/2023/05/18/kraevye-vlasti-hotyat-reshit-problemu-s-mnogokvartirnymi-nedostroennymi-domami-k-2024-godu",–ì–æ—Ä–æ–¥,0.983714
45430,1684391040,"–ê–¥–º–∏–Ω–∏—Å—Ç—Ä–∞—Ü–∏—è –ü–µ—Ä–º–∏ –ø—Ä–µ–¥–æ—Å—Ç–∞–≤–∏–ª–∞ –º—É–Ω–∏—Ü–∏–ø–∞–ª—å–Ω—ã–µ –ø–æ–º–µ—â–µ–Ω–∏—è –≤–æ–ª–æ–Ω—Ç–µ—Ä—Å–∫–∏–º –æ—Ä–≥–∞–Ω–∏–∑–∞—Ü–∏—è–º, –æ–∫–∞–∑—ã–≤–∞—é—â–∏–º –ø–æ–¥–¥–µ—Ä–∂–∫—É —É—á–∞—Å—Ç–Ω–∏–∫–∞–º —Å–ø–µ—Ü–∏–∞–ª—å–Ω–æ–π –≤–æ–µ–Ω–Ω–æ–π –æ–ø–µ—Ä–∞—Ü–∏–∏ –∏ –∏—Ö —Å–µ–º—å—è–º. –ù–∞ –ø–ª–æ—â–∞–¥–∫—É –ø–æ —É–ª. –•–æ—Ö—Ä—è–∫–æ–≤–∞, 25 –ø–µ—Ä–µ–µ–¥—É—Ç –æ—Ä–≥–∞–Ω–∏–∑–∞—Ü–∏–∏ ¬´–ú—ã –≤–º–µ—Å—Ç–µ¬ª, ¬´–ü–æ–º–æ—â—å –∑–¥–µ—Å—å¬ª –∏ ¬´–ú–æ–ª–æ—Ç ‚Äì –Ω–∞—à –ü–µ—Ä–º—Å–∫–∏–π —Ç–∞–Ω–∫–æ–≤—ã–π –±–∞—Ç–∞–ª—å–æ–Ω¬ª.

https://www.business-class.su/news/2023/05/18/vlasti-permi-predostavili-pomeshcheniya-podderzhivayushchim-uchastnikov-specoperacii-volonteram",–ì–æ—Ä–æ–¥,0.7257772
45428,1684387543,"–ê–¥–º–∏–Ω–∏—Å—Ç—Ä–∞—Ü–∏—è –ò–Ω–¥—É—Å—Ç—Ä–∏–∞–ª—å–Ω–æ–≥–æ —Ä–∞–π–æ–Ω–∞ –ü–µ—Ä–º–∏ –ø–æ—Ç—Ä–µ–±–æ–≤–∞–ª–∞ –ø—Ä–∏–∑–Ω–∞—Ç—å —Å–∞–º–æ–≤–æ–ª—å–Ω–æ–π –ø–æ—Å—Ç—Ä–æ–π–∫–æ–π –∏ —Å–Ω–µ—Å—Ç–∏ –∫–∞—Ñ–µ ¬´–ë–µ—Ä–ª–æ–≥–∞¬ª –≤ –ë–∞–ª–∞—Ç–æ–≤—Å–∫–æ–º –ø–∞—Ä–∫–µ. –í–ª–∞—Å—Ç–∏ —É—Ç–≤–µ—Ä–∂–¥–∞—é—Ç, —á—Ç–æ –∑–µ–º–µ–ª—å–Ω—ã–π —É—á–∞—Å—Ç–æ–∫ –Ω–∏–∫–æ–≥–¥–∞ –Ω–µ –ø—Ä–µ–¥–æ—Å—Ç–∞–≤–ª—è–ª–∏ –¥–ª—è —Å—Ç—Ä–æ–∏—Ç–µ–ª—å—Å—Ç–≤–∞ –∑–∞–≤–µ–¥–µ–Ω–∏—è –æ–±—â–µ–ø–∏—Ç–∞.

https://www.business-class.su/news/2023/05/18/v-permi-sud-rassmotrit-zayavlenie-o-priznanii-samostroem-zdaniya-kafe-v-balatovskom-parke",–ì–æ—Ä–æ–¥,0.5375391
45427,1684342801,–ù–∞ –∑–∞–∫–∞—Ç–µ –≤ –£—Å—Ç—å-–ö–∞—á–∫–µ. –î–æ–±—Ä–æ–π –Ω–æ—á–∏!,–ì–æ—Ä–æ–¥,0.9855847
45426,1684333860,"–í –ü–µ—Ä–º–∏ –∑–∞–∫–æ–Ω—á–∏–ª–∏—Å—å –±–µ—Å–ø–ª–∞—Ç–Ω—ã–µ –¥–µ—Ç—Å–∫–∏–µ –≤–∞–∫—Ü–∏–Ω—ã ¬´–ê–ö–î–°¬ª –∏ ¬´–ü–µ–Ω—Ç–∞–∫—Å–∏–º¬ª –≤ –ø–æ–ª–∏–∫–ª–∏–Ω–∏–∫–∞—Ö. –ü—Ä–µ–ø–∞—Ä–∞—Ç—ã –±—ã–ª–∏ –¥–æ—Å—Ä–æ—á–Ω–æ –∏—Å–ø–æ–ª—å–∑–æ–≤–∞–Ω—ã –≤ —Å–≤—è–∑–∏ —Å –∞–∫—Ç–∏–≤–Ω–æ–π –≤–∞–∫—Ü–∏–Ω–∞—Ü–∏–µ–π –¥–µ—Ç—Å–∫–æ–≥–æ –Ω–∞—Å–µ–ª–µ–Ω–∏—è.

https://www.business-class.su/news/2023/05/16/v-permi-zakonchilis-besplatnye-detskie-vakciny-ot-koklyusha-difterii-i-stolbnyaka",–≠–∫–æ–Ω–æ–º–∏–∫–∞,0.6489446
45425,1684326660,"–ö—Ä–∞–µ–≤—ã–µ –≤–ª–∞—Å—Ç–∏ –ø—Ä–µ—Ç–µ–Ω–¥—É—é—Ç –Ω–∞ –ø–æ–ª—É—á–µ–Ω–∏–µ —Ñ–µ–¥–µ—Ä–∞–ª—å–Ω—ã—Ö —Å—Ä–µ–¥—Å—Ç–≤ –¥–ª—è —Å—Ç—Ä–æ–∏—Ç–µ–ª—å—Å—Ç–≤–∞ —Ç—Ä–µ—Ç—å–µ–≥–æ –º–æ—Å—Ç–∞ —á–µ—Ä–µ–∑ –ö–∞–º—É –≤ –ü–µ—Ä–º–∏. –°–µ–π—á–∞—Å –ø—Ä–æ–µ–∫—Ç –≤–æ–∑–≤–µ–¥–µ–Ω–∏—è –º–æ—Å—Ç–∞ –Ω–∞–ø—Ä–∞–≤–ª–µ–Ω –≤ –ì–ª–∞–≤–≥–æ—Å—ç–∫—Å–ø–µ—Ä—Ç–∏–∑—É. 

https://www.business-class.su/news/2023/05/17/kraevye-vlasti-pretenduyut-na-federalnye-sredstva-dlya-tretego-mosta-cherez-kamu-v-permi",–ì–æ—Ä–æ–¥,0.76621747
45424,1684319461,"–†–µ–∫—Ç–æ—Ä—ã –ø–µ—Ä–º—Å–∫–∏—Ö –≤—É–∑–æ–≤ —Ä–∞—Å–∫—Ä—ã–ª–∏ —Å–≤–æ—é –∑–∞—Ä–ø–ª–∞—Ç—É –≤ 2022 –≥–æ–¥—É. –°–∞–º–∞—è –≤—ã—Å–æ–∫–∞—è —Å—Ä–µ–¥–Ω–µ–º–µ—Å—è—á–Ω–∞—è –æ–ø–ª–∞—Ç–∞ ‚Äì —É —Ä—É–∫–æ–≤–æ–¥–∏—Ç–µ–ª—è –ü–µ—Ä–º—Å–∫–æ–≥–æ –Ω–∞—Ü–∏–æ–Ω–∞–ª—å–Ω–æ–≥–æ –∏—Å—Å–ª–µ–¥–æ–≤–∞—Ç–µ–ª—å—Å–∫–æ–≥–æ –ø–æ–ª–∏—Ç–µ—Ö–Ω–∏—á–µ—Å–∫–æ–≥–æ —É–Ω–∏–≤–µ—Ä—Å–∏—Ç–µ—Ç–∞.

https://www.business-class.su/news/2023/05/17/po-itogam-2022-goda-sredi-rektorov-permskih-vuzov-naibolshaya-zarplata-u-rukovoditelya-pnipu",–≠–∫–æ–Ω–æ–º–∏–∫–∞,0.8181073
45423,1684312260,"–í–ª–∞–¥–µ–ª–µ—Ü —Å–µ—Ç–∏ ¬´–ó–æ–ª–æ—Ç–æ–µ —è–±–ª–æ–∫–æ¬ª –ò–Ω–≤–µ—Å—Ç–∏—Ü–∏–æ–Ω–Ω–∞—è –ö–æ–º–ø–∞–Ω–∏—è ¬´–î–∂–∏ –≠–π –ì—Ä—É–ø–ø¬ª –∏—â–µ—Ç –∞—Ä–µ–Ω–¥–∞—Ç–æ—Ä–∞ –¥–ª—è —Å–≤–æ–µ–≥–æ —Ç–æ—Ä–≥–æ–≤–æ–≥–æ –ø–æ–º–µ—â–µ–Ω–∏—è, —Ä–∞—Å–ø–æ–ª–æ–∂–µ–Ω–Ω–æ–≥–æ –ø–æ –ö–æ–º—Å–æ–º–æ–ª—å—Å–∫–æ–º—É –ø—Ä–æ—Å–ø–µ–∫—Ç—É, 36. –†–∞–Ω–µ–µ –∑–¥–µ—Å—å –ø–ª–∞–Ω–∏—Ä–æ–≤–∞–ª–∏ –æ—Ç–∫—Ä—ã—Ç—å —Ç—Ä–µ—Ç–∏–π –º–∞–≥–∞–∑–∏–Ω –∫–æ—Å–º–µ—Ç–∏—á–µ—Å–∫–æ–≥–æ –±—Ä–µ–Ω–¥–∞.

https://www.business-class.su/news/2023/05/16/set-zolotoe-yabloko-sdaet-v-arendu-torgovoe-pomeshchenie-v-centre-permi",–ì–æ—Ä–æ–¥,0.55760586
45422,1684305060,"–ü–∞—Å—Å–∞–∂–∏—Ä–æ–ø–æ—Ç–æ–∫ –æ–±—â–µ—Å—Ç–≤–µ–Ω–Ω–æ–≥–æ —Ç—Ä–∞–Ω—Å–ø–æ—Ä—Ç–∞ –ü–µ—Ä–º–∏ –∑–∞ –ø–µ—Ä–≤—ã–µ —Ç—Ä–∏ –º–µ—Å—è—Ü–∞ 2023 –≥–æ–¥–∞ –¥–æ—Å—Ç–∏–≥ 55,6 –º–ª–Ω –ø–æ–µ–∑–¥–æ–∫, —á—Ç–æ –Ω–∞ 27,8% –ø—Ä–µ–≤—ã—à–∞–µ—Ç –ø–æ–∫–∞–∑–∞—Ç–µ–ª—å –∞–Ω–∞–ª–æ–≥–∏—á–Ω–æ–≥–æ –ø–µ—Ä–∏–æ–¥–∞ –ø—Ä–æ—à–ª–æ–≥–æ –≥–æ–¥–∞. –†–∞—Å—Å–∫–∞–∑—ã–≤–∞–µ–º, –∫–∞–∫–∏–º–∏ –∞–≤—Ç–æ–±—É—Å–∞–º–∏ –∏ —Ç—Ä–∞–º–≤–∞—è–º–∏ –ø–µ—Ä–º—è–∫–∏ —Å—Ç–∞–ª–∏ –ø–æ–ª—å–∑–æ–≤–∞—Ç—å—Å—è —á–∞—â–µ, –∞ –∫–∞–∫–∏–º–∏ —Ä–µ–∂–µ –∏ –ø–æ—á–µ–º—É.

https://www.business-class.su/news/2023/05/17/avtobus-nerezinovyi-samye-vostrebovannye-marshruty-permi-za-god-stali-eshche-bolee-zagruzhennymi",–ì–æ—Ä–æ–¥,0.8697516
45415,1684297998,"–ì–ª–∞–≤–∞ –ü–µ—Ä–º–∏ –ê–ª–µ–∫—Å–µ–π –î—ë–º–∫–∏–Ω –∞–Ω–æ–Ω—Å–∏—Ä–æ–≤–∞–ª —Å–æ–∑–¥–∞–Ω–∏–µ –ü–∞—Ä–∫–∞ –ì–µ—Ä–æ–µ–≤ —Ç—Ä—É–¥–∞ –≤ –ú–æ—Ç–æ–≤–∏–ª–∏—Ö–∏–Ω—Å–∫–æ–º —Ä–∞–π–æ–Ω–µ –≥–æ—Ä–æ–¥–∞. –ï–≥–æ –ø–ª–∞–Ω–∏—Ä—É—é—Ç —Å–æ–∑–¥–∞—Ç—å –Ω–∞ –±–∞–∑–µ –¶–µ–Ω—Ç—Ä–∞–ª—å–Ω–æ–≥–æ –ø–∞—Ä–∫–∞ –∫—É–ª—å—Ç—É—Ä—ã –∏ –æ—Ç–¥—ã—Ö–∞ –∏–º. –Ø. –ú. –°–≤–µ—Ä–¥–ª–æ–≤–∞.

https://www.business-class.su/news/2023/05/16/glava-permi-aleksei-demkin-obyavil-o-sozdanii-parka-geroev-truda-v-motovilihe",–ì–æ—Ä–æ–¥,0.9883525
45414,1684292400,"–í –ø–µ—Ä–º—Å–∫–æ–º –¢–†–¶ ¬´–ü–ª–∞–Ω–µ—Ç–∞¬ª –Ω–∞ –º–µ—Å—Ç–µ —É—à–µ–¥—à–µ–≥–æ –∏–∑ –†–æ—Å—Å–∏–∏ H&M –æ—Ç–∫—Ä–æ–µ—Ç—Å—è –º–∞–≥–∞–∑–∏–Ω –æ–¥–µ–∂–¥—ã –∏ —Ç–æ–≤–∞—Ä–æ–≤ –¥–ª—è –¥–æ–º–∞ —Ñ–∏–Ω—Å–∫–æ–π —Å–µ—Ç–∏ ¬´–°—Ç–æ–∫–º–∞–Ω–Ω¬ª. H&M –≤ –ü–µ—Ä–º–∏ –∑–∞–∫—Ä—ã–ª—Å—è –æ—Å–µ–Ω—å—é –ø—Ä–æ—à–ª–æ–≥–æ –≥–æ–¥–∞.

https://www.business-class.su/news/2023/05/16/v-permi-otkroetsya-pervyi-magazin-odezhdy-i-tovarov-dlya-doma-stokmann",–ì–æ—Ä–æ–¥,0.94002926
45413,1684256460,"–í [club135161380|–ó–∞–∫–æ–Ω–æ–¥–∞—Ç–µ–ª—å–Ω–æ–º –°–æ–±—Ä–∞–Ω–∏—è –ü–µ—Ä–º—Å–∫–æ–≥–æ –∫—Ä–∞—è] –ø—Ä–æ—à–ª–∏ –ø—É–±–ª–∏—á–Ω—ã–µ —Å–ª—É—à–∞–Ω–∏—è –ø–æ –∏—Å–ø–æ–ª–Ω–µ–Ω–∏—é —Ä–µ–≥–∏–æ–Ω–∞–ª—å–Ω–æ–≥–æ –±—é–¥–∂–µ—Ç–∞ –ø–æ –∏—Ç–æ–≥–∞–º 2022 –≥–æ–¥–∞. –î–æ—Ö–æ–¥—ã —Å–æ—Å—Ç–∞–≤–∏–ª–∏ 213,7 –º–ª—Ä–¥ —Ä—É–±–ª–µ–π, —á—Ç–æ –Ω–∞ 13 –º–ª—Ä–¥ –±–æ–ª—å—à–µ, —á–µ–º –ø–ª–∞–Ω–∏—Ä–æ–≤–∞–ª–æ—Å—å. –†–∞—Å—Ö–æ–¥—ã —Å–æ—Å—Ç–∞–≤–∏–ª–∏ 220 –º–ª—Ä–¥ —Ä—É–±–ª–µ–π ‚Äì 94,7 % –æ—Ç –ø–ª–∞–Ω–∞. –ü–æ —Å–ª–æ–≤–∞–º —Å–ø–∏–∫–µ—Ä–∞ –∫—Ä–∞–µ–≤–æ–≥–æ –ø–∞—Ä–ª–∞–º–µ–Ω—Ç–∞ –í–∞–ª–µ—Ä–∏—è –°—É—Ö–∏—Ö, –≤—ã—Å–æ–∫–æ–µ –∏—Å–ø–æ–ª–Ω–µ–Ω–∏–µ –±—é–¥–∂–µ—Ç–∞ –∑–∞ –ø—Ä–æ—à–ª—ã–π –≥–æ–¥ –≥–æ–≤–æ—Ä–∏—Ç –æ –µ–≥–æ —ç—Ñ—Ñ–µ–∫—Ç–∏–≤–Ω–æ—Å—Ç–∏.

https://www.business-class.su/news/2023/05/16/dohody-byudzheta-permskogo-kraya-v-2022-godu-na-13-mlrd-prevysili-planovyi-pokazatel",–≠–∫–æ–Ω–æ–º–∏–∫–∞,0.61351126
45411,1684249202,"–î–µ–π—Å—Ç–≤—É—é—â–∞—è –≤ –∏–Ω—Ç–µ—Ä–µ—Å–∞—Ö –ì–ö ¬´–ü–ú–î¬ª –∫–æ–º–ø–∞–Ω–∏—è ¬´–ê–∫—Å–∏–æ–º–∞¬ª –ø—Ä–µ–¥–ª–æ–∂–∏–ª–∞ —É—Å—Ç–∞–Ω–æ–≤–∏—Ç—å –Ω–∞ —É–∫–∞–∑–∞–Ω–Ω–æ–π –ø–ª–æ—â–∞–¥–∫–µ –∑–æ–Ω—É –∫–æ–º–ø–ª–µ–∫—Å–Ω–æ–≥–æ —Ä–∞–∑–≤–∏—Ç–∏—è —Ç–µ—Ä—Ä–∏—Ç–æ—Ä–∏–∏.

https://www.business-class.su/news/2023/05/15/gk-rial-prodala-chast-byvshego-stadiona-dzerzhinec-v-permi",–ì–æ—Ä–æ–¥,0.8939818
45410,1684242002,–í –ø–µ—Ä–º—Å–∫–æ–º —Å–∫–≤–µ—Ä–µ –∏–º. –°—É–±–±–æ—Ç–∏–Ω–∞ ‚Äì –≤–µ—Å–Ω–∞! –ì–æ–ª—É–±–æ–µ –Ω–µ–±–æ –∏ –∑–∞–ø–∞—Ö —è–±–ª–æ–Ω—å. –í—Å–µ –≥—É–ª—è—Ç—å!,–ì–æ—Ä–æ–¥,0.30683577
45408,1684234802,"–ì—É–±–µ—Ä–Ω–∞—Ç–æ—Ä –ü–µ—Ä–º—Å–∫–æ–≥–æ –∫—Ä–∞—è –î–º–∏—Ç—Ä–∏–π –ú–∞—Ö–æ–Ω–∏–Ω –ø–æ—Ä—É—á–∏–ª —É—Å—Ç–∞–Ω–æ–≤–∏—Ç—å —Å–∏—Å—Ç–µ–º—É –≤–∏–¥–µ–æ–Ω–∞–±–ª—é–¥–µ–Ω–∏—è –Ω–∞ –≤—Å–µ–π —Ç–µ—Ä—Ä–∏—Ç–æ—Ä–∏–∏ –°–ª—É–¥—Å–∫–æ–π –≥–æ—Ä–∫–∏. –û–Ω–∞ –¥–æ–ª–∂–Ω–∞ —É–±–µ—Ä–µ—á—å –±–ª–∞–≥–æ—É—Å—Ç—Ä–æ–µ–Ω–Ω—É—é —Ç–µ—Ä—Ä–∏—Ç–æ—Ä–∏—é –æ—Ç –≤–∞–Ω–¥–∞–ª–æ–≤.

https://www.business-class.su/news/2023/05/14/na-vsei-territorii-sludskoi-gorki-v-permi-budut-vesti-videonablyudenie",–ì–æ—Ä–æ–¥,0.9007439
45407,1684227604,"–í –ü–µ—Ä–º–∏ –ø—Ä–∞–≤–∞ –Ω–∞ –±–æ–ª–µ–µ 10 —Ç—ã—Å—è—á –∫–≤–∞—Ä—Ç–∏—Ä –Ω–µ –∑–∞—Ä–µ–≥–∏—Å—Ç—Ä–∏—Ä–æ–≤–∞–Ω—ã –≤ –ï–¥–∏–Ω–æ–º –≥–æ—Å—É–¥–∞—Ä—Å—Ç–≤–µ–Ω–Ω–æ–º —Ä–µ–µ—Å—Ç—Ä–µ –Ω–µ–¥–≤–∏–∂–∏–º–æ—Å—Ç–∏. –ë–µ–∑ —ç—Ç–æ–≥–æ –∏—Ö –Ω–µ–≤–æ–∑–º–æ–∂–Ω–æ –ø—Ä–æ–¥–∞—Ç—å.

https://www.business-class.su/news/2023/05/15/v-permi-ne-zaregistrirovany-bolee-10-tysyach-kvartir",–≠–∫–æ–Ω–æ–º–∏–∫–∞,0.32485116
45404,1684220404,"–í–ª–∞–¥–µ–ª–µ—Ü –¥–∏—Å–∫–∞—É–Ω—Ç–µ—Ä–æ–≤ –∏–∑ –¢–∞—Ç–∞—Ä—Å—Ç–∞–Ω–∞ ¬´–ù–∞—Ö–æ–¥–∫–∞¬ª –æ—Ç–∫—Ä—ã–ª –≤ –ü–µ—Ä–º–∏ —Ç—Ä–µ—Ç–∏–π –º–∞–≥–∞–∑–∏–Ω. –¢–æ—Ä–≥–æ–≤–∞—è —Ç–æ—á–∫–∞ –Ω–∞—Ö–æ–¥–∏—Ç—Å—è –≤ –ú–æ—Ç–æ–≤–∏–ª–∏—Ö–∏–Ω—Å–∫–æ–º —Ä–∞–π–æ–Ω–µ –∏ —Ä–∞–±–æ—Ç–∞–µ—Ç –≤ —Ñ–æ—Ä–º–∞—Ç–µ –∂–µ—Å—Ç–∫–æ–≥–æ –¥–∏—Å–∫–∞—É–Ω—Ç–µ—Ä–∞.

https://www.business-class.su/news/2023/05/15/set-zhestkih-diskaunterov-iz-tatarstana-otkryla-eshche-odin-magazin-v-permi",–ì–æ—Ä–æ–¥,0.8264615
45397,1684213703,"–£—á–∞—Å—Ç–Ω–∏–∫–∞–º–∏ –∫–æ–Ω–∫—É—Ä—Å–∞ ¬´–ë—É–¥—É—â–∏–µ –∑–∞–∫–æ–Ω–æ–¥–∞—Ç–µ–ª–∏ –ü–µ—Ä–º—Å–∫–æ–≥–æ –∫—Ä–∞—è¬ª —Å—Ç–∞–ª–∏ —à–∫–æ–ª—å–Ω–∏–∫–∏ –∏–∑ –î–æ–Ω–µ—Ü–∫–æ–π –∏ –õ—É–≥–∞–Ω—Å–∫–æ–π –Ω–∞—Ä–æ–¥–Ω—ã—Ö —Ä–µ—Å–ø—É–±–ª–∏–∫. –û–Ω–∏ –ø—Ä–µ–¥—Å—Ç–∞–≤–∏–ª–∏ —Ä–∏—Å—É–Ω–∫–∏ –≤ —Å–ø–µ—Ü–∏–∞–ª—å–Ω–æ–π –Ω–æ–º–∏–Ω–∞—Ü–∏–∏ ¬´–†–æ—Å—Å–∏—è ‚Äì –Ω–∞—à–∞ —Å—Ç—Ä–∞–Ω–∞¬ª. –ü–æ —Å–ª–æ–≤–∞–º –ø—Ä–µ–¥—Å–µ–¥–∞—Ç–µ–ª—è –ó–∞–∫–æ–Ω–æ–¥–∞—Ç–µ–ª—å–Ω–æ–≥–æ –°–æ–±—Ä–∞–Ω–∏—è –ü–µ—Ä–º—Å–∫–æ–≥–æ –∫—Ä–∞—è –í–∞–ª–µ—Ä–∏—è –°—É—Ö–∏—Ö, –∫–æ–Ω–∫—É—Ä—Å —Å–æ–∑–¥–∞–Ω –¥–ª—è —Ç–æ–≥–æ, —á—Ç–æ–±—ã –∫–∞–∂–¥—ã–π —Ä–µ–±–µ–Ω–æ–∫ –º–æ–≥ –ø—Ä–æ—è–≤–∏—Ç—å —Å–µ–±—è –∏ —Ä–∞—Å—Å–∫–∞–∑–∞—Ç—å –æ —Å–≤–æ–µ–π –†–æ–¥–∏–Ω–µ.

https://www.business-class.su/news/2023/05/12/shkolniki-iz-donbassa-prinyali-uchastie-v-konkurse-kraevogo-parlamenta-prikamya",–ö—É–ª—å—Ç—É—Ä–∞,0.7077437
45396,1684206000,"–ù–∞ —É—á–∞—Å—Ç–∫–µ –æ—Ç –¥–µ—Ä–µ–≤–Ω–∏ –í–µ—Ä—Ö–Ω–µ–µ –ì—É–ª—è–µ–≤–æ –¥–æ –æ–±—ä–µ–∑–¥–Ω–æ–π –¥–æ—Ä–æ–≥–∏ –ö—Ä–∞—Å–Ω–æ–∫–∞–º—Å–∫–∞ –ø–æ—Å—Ç—Ä–æ—è—Ç —á–µ—Ç—ã—Ä–µ—Ö–ø–æ–ª–æ—Å–Ω—É—é –¥–æ—Ä–æ–≥—É —Å —Ä–∞–∑–¥–µ–ª–∏—Ç–µ–ª—å–Ω–æ–π –ø–æ–ª–æ—Å–æ–π –∏ –∏—Å–∫—É—Å—Å—Ç–≤–µ–Ω–Ω—ã–º —ç–ª–µ–∫—Ç—Ä–æ–æ—Å–≤–µ—â–µ–Ω–∏–µ–º –Ω–∞ –≤—Å–µ–º –ø—Ä–æ—Ç—è–∂–µ–Ω–∏–∏. –ü—Ä–µ–¥—É—Å–º–æ—Ç—Ä–µ–Ω–∞ –∏ –¥–≤—É—Ö—É—Ä–æ–≤–Ω–µ–≤–∞—è —Ç—Ä–∞–Ω—Å–ø–æ—Ä—Ç–Ω–∞—è —Ä–∞–∑–≤—è–∑–∫–∞.

https://www.business-class.su/news/2023/05/14/rekonstrukciyu-trassy-m-7-volga-na-podezde-k-krasnokamsku-zavershat-osenyu-2024-goda",–ì–æ—Ä–æ–¥,0.67147624
45395,1684166400,–ü—Ä–æ–≥—É–ª–∫–∞ –ø–æ –ß–µ—Ä–Ω—è–µ–≤—Å–∫–æ–º—É –ª–µ—Å—É üå≥,–ì–æ—Ä–æ–¥,0.6038639
45394,1684161600,"–í —Ä–∞–º–∫–∞—Ö –∏—Å—Ç–æ—Ä–∏—á–µ—Å–∫–æ–≥–æ —Ñ–æ—Ä—É–º–∞ ¬´–ì–æ—Ä–æ–¥ –ü–µ—Ä–º—å ‚Äì 300 –ª–µ—Ç –≤ –∏—Å—Ç–æ—Ä–∏–∏ –†–æ—Å—Å–∏–∏¬ª –ø—Ä–æ—à–µ–ª –∫—Ä—É–≥–ª—ã–π —Å—Ç–æ–ª. –£—á–∞—Å—Ç–Ω–∏–∫–∏ –ø–æ—Ä–∞—Å—Å—É–∂–¥–∞–ª–∏, –∫–∞–∫ —Å–¥–µ–ª–∞—Ç—å –ü–µ—Ä–º—Å–∫–∏–π –∫—Ä–∞–π –ø—Ä–∏–≤–ª–µ–∫–∞—Ç–µ–ª—å–Ω—ã–º –≤ –≥–ª–∞–∑–∞—Ö —à–∫–æ–ª—å–Ω–∏–∫–∞.

https://www.business-class.su/news/2023/05/15/v-ramkah-istoricheskogo-foruma-v-permi-obsudili-detskii-turizm",–ì–æ—Ä–æ–¥,0.7752875
45393,1684155603,"–ú–æ–ª–æ–¥–µ–∂–Ω—ã–π –ø–∞—Ä–ª–∞–º–µ–Ω—Ç –ø—Ä–∏ —Ä–µ–≥–∏–æ–Ω–∞–ª—å–Ω–æ–º [club135161380|–ó–∞–∫–æ–Ω–æ–¥–∞—Ç–µ–ª—å–Ω–æ–º –°–æ–±—Ä–∞–Ω–∏—è –ü–µ—Ä–º—Å–∫–æ–≥–æ –∫—Ä–∞—è] –ø—Ä–æ–≤–µ–ª –¥–µ—Å—è—Ç—ã–π —Ñ–æ—Ä—É–º –º–æ–ª–æ–¥—ã—Ö –ø–∞—Ä–ª–∞–º–µ–Ω—Ç–∞—Ä–∏–µ–≤. –í –º–µ—Ä–æ–ø—Ä–∏—è—Ç–∏—è—Ö –ø–æ—É—á–∞—Å—Ç–≤–æ–≤–∞–ª–∏ 150 —á–µ–ª–æ–≤–µ–∫ –∏–∑ —Ä–∞–∑–Ω—ã—Ö —Ç–µ—Ä—Ä–∏—Ç–æ—Ä–∏–π —Ä–µ–≥–∏–æ–Ω–∞. –ö–ª—é—á–µ–≤—ã–º–∏ —Ç–µ–º–∞–º–∏ —Ñ–æ—Ä—É–º–∞ —Å—Ç–∞–ª–∏ —Å–∞–º–æ—Ä–µ–∞–ª–∏–∑–∞—Ü–∏—è –º–æ–ª–æ–¥–µ–∂–∏ –∏ —Ä–µ—à–µ–Ω–∏–µ –ø—Ä–æ–±–ª–µ–º —Ä–µ–≥–∏–æ–Ω–∞.

https://www.business-class.su/news/2023/05/15/v-forume-molodyh-parlamentariev-v-permskom-krae-prinyali-uchastie-150-chelovek",–ì–æ—Ä–æ–¥,0.89428586
45392,1684148402,"–í —Ä–∞—Å—à–∏—Ä–µ–Ω–Ω—ã–π —Å–∞–Ω–∫—Ü–∏–æ–Ω–Ω—ã–π —Å–ø–∏—Å–æ–∫ –£–∫—Ä–∞–∏–Ω—ã –ø–æ–ø–∞–ª–∏ –µ—â–µ —Ä—è–¥ –∫–æ–º–ø–∞–Ω–∏–π –∏–∑ –ü–µ—Ä–º—Å–∫–æ–≥–æ –∫—Ä–∞—è. –°–∞–Ω–∫—Ü–∏–∏ –≤–∫–ª—é—á–∞—é—Ç –±–ª–æ–∫–∏—Ä–æ–≤–∫—É –∞–∫—Ç–∏–≤–æ–≤, –æ–≥—Ä–∞–Ω–∏—á–µ–Ω–∏—è ‚Äì –≤–ø–ª–æ—Ç—å –¥–æ –ø–æ–ª–Ω–æ–≥–æ –ø—Ä–µ–∫—Ä–∞—â–µ–Ω–∏—è ‚Äì —Ç–æ—Ä–≥–æ–≤—ã—Ö –æ–ø–µ—Ä–∞—Ü–∏–π, –∑–∞–ø—Ä–µ—Ç –Ω–∞ —Ç—Ä–∞–Ω–∑–∏—Ç —Ä–µ—Å—É—Ä—Å–æ–≤ –ø–æ —Ç–µ—Ä—Ä–∏—Ç–æ—Ä–∏–∏ –£–∫—Ä–∞–∏–Ω—ã –∏ –¥—Ä—É–≥–∏–µ –º–µ—Ä—ã.

https://www.business-class.su/news/2023/05/14/prezident-ukrainy-vvel-sankcii-v-otnoshenii-shveinyh-fabrik-i-drugih-kompanii-permskogo-kraya",–≠–∫–æ–Ω–æ–º–∏–∫–∞,0.8761316
45389,1684140000,"‚ùó–ê–¥–º–∏–Ω–∏—Å—Ç—Ä–∞—Ü–∏—è –ü–µ—Ä–º–∏ –≤—Ä–µ–º–µ–Ω–Ω–æ –æ—Ç–∫—Ä—ã–ª–∞ –¥–≤–∏–∂–µ–Ω–∏–µ –ø–æ –≤—Å–µ–º –ø–æ–ª–æ—Å–∞–º –ö–æ–º–º—É–Ω–∞–ª—å–Ω–æ–≥–æ –º–æ—Å—Ç–∞. –†–µ—à–µ–Ω–∏–µ –ø—Ä–∏–Ω—è—Ç–æ –¥–ª—è –º–∏–Ω–∏–º–∏–∑–∞—Ü–∏–∏ —Ç—Ä–∞–Ω—Å–ø–æ—Ä—Ç–Ω—ã—Ö –∑–∞—Ç–æ—Ä–æ–≤ –ø–æ–∫–∞ –≤–µ–¥–µ—Ç—Å—è —Ä–µ–º–æ–Ω—Ç –Ω–∞ —É–ª. –õ–æ–∫–æ–º–æ—Ç–∏–≤–Ω–æ–π.

https://www.business-class.su/news/2023/05/15/na-kommunalnom-mostu-v-permi-na-dva-dnya-snyali-ogranicheniya-dvizheniya",–ì–æ—Ä–æ–¥,0.5286345
45385,1684133293,"–í –ü–µ—Ä–º—Å–∫–æ–º –∫—Ä–∞–µ –æ–∂–∏–¥–∞–µ—Ç—Å—è –æ—á–µ–Ω—å —Å—É—Ö–∞—è –∏ —Ç–µ–ø–ª–∞—è –Ω–µ–¥–µ–ª—è. –¢–µ–º–ø–µ—Ä–∞—Ç—É—Ä–∞ –≤–æ–∑–¥—É—Ö–∞ –¥–Ω–µ–º –±—É–¥–µ—Ç –ø–æ–≤—ã—à–∞—Ç—å—Å—è –æ—Ç 15‚Ä¶20Àö –≤ –ø–æ–Ω–µ–¥–µ–ª—å–Ω–∏–∫ –¥–æ 20‚Ä¶25Àö –≤ –∫–æ–Ω—Ü–µ –Ω–µ–¥–µ–ª–∏.

https://www.business-class.su/news/2023/05/15/suho-i-teplo-sinoptiki-rasskazali-o-pogode-v-permskom-krae-na-nedele",–ì–æ—Ä–æ–¥,0.98970515
45384,1684123516,"–≠–∫—Å–ø–µ—Ä—Ç—ã –æ—Ç–º–µ—á–∞—é—Ç, —á—Ç–æ –ø–æ–¥—Ö–æ–¥—è—â–∏—Ö –ø–ª–æ—â–∞–¥–æ–∫ –≤ –≥–æ—Ä–æ–¥–µ –∫—Ä–∞–π–Ω–µ –º–∞–ª–æ, –∞ –∏—Ö —Å—Ç–æ–∏–º–æ—Å—Ç—å –º–æ–∂–µ—Ç –¥–æ—Å—Ç–∏–≥–∞—Ç—å 120 –º–ª–Ω —Ä—É–±–ª–µ–π.

https://www.business-class.su/news/2023/05/15/tochka-zazemleniya-vkusno-i-tochka-ishchet-uchastki-pod-novyi-restoran-v-permi",–ì–æ—Ä–æ–¥,0.9903561
45383,1684076402,"–ê–¥–º–∏–Ω–∏—Å—Ç—Ä–∞—Ü–∏—è –≥–æ—Ä–æ–¥–∞ –≤ –∏—é–Ω–µ –ø–ª–∞–Ω–∏—Ä—É–µ—Ç –ø—Ä–æ–≤–µ—Å—Ç–∏ –æ–±—Å–ª–µ–¥–æ–≤–∞–Ω–∏–µ –±—ã–≤—à–µ–≥–æ —Ç—Ä–∞–º–≤–∞–π–Ω–æ–≥–æ –º–æ—Å—Ç–∞ —á–µ—Ä–µ–∑ –ï–≥–æ—à–∏—Ö—É, —á—Ç–æ–±—ã –æ–ø—Ä–µ–¥–µ–ª–∏—Ç—å –æ–±—ä–µ–º —Ä–∞–±–æ—Ç –¥–ª—è –¥–∞–ª—å–Ω–µ–π—à–µ–≥–æ —Ä–µ–º–æ–Ω—Ç–∞. –ü–æ –º–æ—Å—Ç—É —á–µ—Ä–µ–∑ –ï–≥–æ—à–∏—Ö—É –±—ã–ª–∞ –ø—Ä–æ–ª–æ–∂–µ–Ω–∞ –ø–µ—Ä–≤–∞—è –≤ –ü–µ—Ä–º–∏ —Ç—Ä–∞–º–≤–∞–π–Ω–∞—è –ª–∏–Ω–∏—è. 

https://www.business-class.su/news/2023/05/14/vlasti-permi-zaimutsya-remontom-byvshego-tramvainogo-mosta-cherez-egoshihu",–ì–æ—Ä–æ–¥,0.68323314
45382,1684069202,"–ü–æ–∫–∞ –≤ –Ω–æ–≤–æ–º –ø–µ—Ä–º—Å–∫–æ–º –∑–æ–æ–ø–∞—Ä–∫–µ –Ω–∞ –ù–∞–≥–æ—Ä–Ω–æ–º –∏–¥—É—Ç —Å—Ç—Ä–æ–∏—Ç–µ–ª—å–Ω—ã–µ —Ä–∞–±–æ—Ç—ã, —Å–º–æ—Ç—Ä–∏–º –∫–∞–∫ —Ç–∞–º —É —Å–æ—Å–µ–¥–µ–π. –í–æ–ª—å–µ—Ä—ã –∏ –∂–∏–≤–æ—Ç–Ω—ã–µ –∑–æ–æ—Å–∞–¥–∞ –≤ –ò–∂–µ–≤—Å–∫–µ.",–ì–æ—Ä–æ–¥,0.94447106
45381,1684062002,"–í –ü–µ—Ä–º—å –≤–ø–µ—Ä–≤—ã–µ –ø—Ä–∏–±—ã–ª —Ç–µ–ø–ª–æ—Ö–æ–¥ ¬´–ú—É—Å—Ç–∞–π –ö–∞—Ä–∏–º¬ª. –≠—Ç–æ —Å–∞–º—ã–π —Å–æ–≤—Ä–µ–º–µ–Ω–Ω—ã–π —Ç–µ–ø–ª–æ—Ö–æ–¥ –≤ –†–æ—Å—Å–∏–∏, —Å–æ–æ—Ç–≤–µ—Ç—Å—Ç–≤—É—é—â–∏–π —É—Ä–æ–≤–Ω—é –ø—è—Ç–∏–∑–≤–µ–∑–¥–æ—á–Ω–æ–≥–æ –æ—Ç–µ–ª—è.

https://www.business-class.su/news/2023/05/13/v-perm-vpervye-pribyl-teplohod-mustai-karim",–ö—É–ª—å—Ç—É—Ä–∞,0.8221391
45375,1684054804,"–ö –≤–æ–∑–≤–µ–¥–µ–Ω–∏—é —É–Ω–∏–≤–µ—Ä—Å–∞–ª—å–Ω–æ–π —Å–ø–æ—Ä—Ç–∏–≤–Ω–æ–π –∞—Ä–µ–Ω—ã –≤ –î–∑–µ—Ä–∂–∏–Ω—Å–∫–æ–º —Ä–∞–π–æ–Ω–µ –ü–µ—Ä–º–∏ –ø–ª–∞–Ω–∏—Ä—É–µ—Ç—Å—è –ø—Ä–∏—Å—Ç—É–ø–∏—Ç—å –ª–µ—Ç–æ–º 2023 –≥–æ–¥–∞. –ö–æ–Ω—Ü–µ—Å—Å–∏–æ–Ω–µ—Ä –∑–∞–≤–µ—Ä—à–∞–µ—Ç –ø—Ä–æ—Ü–µ–¥—É—Ä—ã –ø—Ä–∏–≤–ª–µ—á–µ–Ω–∏—è —Ñ–∏–Ω–∞–Ω—Å–∏—Ä–æ–≤–∞–Ω–∏—è –∏ –≤—ã–±–æ—Ä–∞ –ø–æ–¥—Ä—è–¥–Ω–æ–π –æ—Ä–≥–∞–Ω–∏–∑–∞—Ü–∏–∏.

https://www.business-class.su/news/2023/05/14/stroitelstvo-bolshoi-sportivnoi-areny-v-permi-planiruetsya-nachat-letom-2023-goda",–ì–æ—Ä–æ–¥,0.63039756
45372,1684047852,"–í—Å–ø–æ–º–∏–Ω–∞–µ–º, —á–µ–º –±—ã–ª–∏ –ø—Ä–∏–º–µ—á–∞—Ç–µ–ª—å–Ω—ã –ø—Ä–∞–∑–¥–Ω–æ–≤–∞–Ω–∏—è –î–Ω—è –≥–æ—Ä–æ–¥–∞ –≤ –ø—Ä–æ—à–ª—ã–µ –≥–æ–¥—ã. –í –º–∞—Ç–µ—Ä–∏–∞–ª–µ –º–Ω–æ–≥–æ –∞—Ä—Ö–∏–≤–Ω—ã—Ö —Ñ–æ—Ç–æ–≥—Ä–∞—Ñ–∏–π üëá

https://www.business-class.su/news/2023/05/12/polveka-v-torzhestvah-kak-v-permi-otmechali-den-goroda-v-proshlye-gody",–ö—É–ª—å—Ç—É—Ä–∞,0.98369426
45371,1683995220,"–≠—Ç–∏–º –ª–µ—Ç–æ–º –≤ –ì—É–±–∞—Ö–µ —É–∂–µ –¥–≤–µ–Ω–∞–¥—Ü–∞—Ç—ã–π –≥–æ–¥ –ø–æ–¥—Ä—è–¥ —Å–æ—Å—Ç–æ–∏—Ç—Å—è —Ç–µ–∞—Ç—Ä–∞–ª—å–Ω—ã–π –ª–∞–Ω–¥—à–∞—Ñ—Ç–Ω—ã–π —Ñ–µ—Å—Ç–∏–≤–∞–ª—å ¬´–¢–∞–π–Ω—ã –≥–æ—Ä—ã –ö—Ä–µ—Å—Ç–æ–≤–æ–π¬ª. –†–∞—Å—Å–∫–∞–∑—ã–≤–∞–µ–º, –ø–æ—á–µ–º—É –æ–¥–Ω–æ –∏–∑ –∑–Ω–∞–∫–æ–≤—ã—Ö –∫—É–ª—å—Ç—É—Ä–Ω—ã—Ö –º–µ—Ä–æ–ø—Ä–∏—è—Ç–∏–π —Ä–µ–≥–∏–æ–Ω–∞ –≤ —ç—Ç–æ–º –≥–æ–¥—É –Ω–µ–ª—å–∑—è –ø—Ä–æ–ø—É—Å—Ç–∏—Ç—å.

https://www.business-class.su/news/2023/05/08/yubilei-ukrasyat-zakatom-festival-tainy-gory-krestovoi-12-v-etom-godu-proidet-po-novomu",–ö—É–ª—å—Ç—É—Ä–∞,0.93045485
45369,1683984420,"–ù–∞–∏–±–æ–ª–µ–µ –≤–µ—Ä–æ—è—Ç–Ω—ã–π –ø–æ–≥–æ–¥–Ω—ã–π —Å—Ü–µ–Ω–∞—Ä–∏–π –Ω–∞ –ª–µ—Ç–æ 2023 –≥–æ–¥–∞ –≤ –ü–µ—Ä–º—Å–∫–æ–º –∫—Ä–∞–µ ‚Äì —ç—Ç–æ —Ç–µ–ø–ª—ã–π –∏ —Å—É—Ö–æ–π –∏—é–Ω—å, –Ω–æ –ø—Ä–æ—Ö–ª–∞–¥–Ω—ã–µ –∏ –≤–ª–∞–∂–Ω—ã–µ –∏—é–ª—å –∏ –∞–≤–≥—É—Å—Ç.

https://www.business-class.su/news/2023/05/08/mozhet-povtoritsya-scenarii-2015-goda-meteorolog-o-tom-kakim-budet-leto-v-permskom-krae",–ì–æ—Ä–æ–¥,0.89555883
45368,1683975602,"–í –ü–µ—Ä–º–∏ —Å—Ç–∞—Ä—Ç–æ–≤–∞–ª —Å–µ–∑–æ–Ω –ª–µ—Ç–Ω–∏—Ö –∫–∞—Ñ–µ. –†–µ—Å—Ç–æ—Ä–∞—Ç–æ—Ä—ã –∂–¥—É—Ç —Ä–æ—Å—Ç–∞ –ø–æ—Å–µ—â–∞–µ–º–æ—Å—Ç–∏ –∏ –ø—Ä–∏—Å–ø–æ—Å–∞–±–ª–∏–≤–∞—é—Ç—Å—è –∫ –Ω–æ–≤—ã–º –ø—Ä–∞–≤–∏–ª–∞–º –±–ª–∞–≥–æ—É—Å—Ç—Ä–æ–π—Å—Ç–≤–∞.

https://www.business-class.su/news/2023/05/11/zhdat-u-bara-pogody-v-permi-otkrylsya-sezon-letnih-kafe",–ì–æ—Ä–æ–¥,0.9239851
45364,1683962820,"–í –ø—Ä–æ–≥—Ä–∞–º–º—É –∫–æ–º–ø–ª–µ–∫—Å–Ω–æ–≥–æ —Ä–µ–º–æ–Ω—Ç–∞ –Ω–∞ 2023 –≥–æ–¥ –≤ —Ä–∞–º–∫–∞—Ö –Ω–∞—Ü–∏–æ–Ω–∞–ª—å–Ω–æ–≥–æ –ø—Ä–æ–µ–∫—Ç–∞ ¬´–ë–µ–∑–æ–ø–∞—Å–Ω—ã–µ –∫–∞—á–µ—Å—Ç–≤–µ–Ω–Ω—ã–µ –¥–æ—Ä–æ–≥–∏¬ª –≤–æ—à–ª–∏ 22 –æ–±—ä–µ–∫—Ç–∞ –≤ –ü–µ—Ä–º–∏. –§–∏–Ω–∞–Ω—Å–∏—Ä–æ–≤–∞–Ω–∏–µ —Å–æ—Å—Ç–∞–≤–∏–ª–æ 731,7 –º–ª–Ω —Ä—É–±–ª–µ–π.

https://www.business-class.su/news/2023/05/05/dorozhnoe-uskorenie-kakie-dorogi-otremontiruyut-v-permi-po-nacproektu-v-2023-godu",–ì–æ—Ä–æ–¥,0.8550248
45362,1683955620,"–ê–Ω–∞–ª–∏—Ç–∏–∫–∏: –¥–æ–ª—è –Ω–µ—Ä–∞—Å–ø—Ä–æ–¥–∞–Ω–Ω—ã—Ö –æ—Å—Ç–∞—Ç–∫–æ–≤ –ø–æ –æ—Ç–Ω–æ—à–µ–Ω–∏—é –∫ —Ä–µ–∞–ª–∏–∑–æ–≤–∞–Ω–Ω—ã–º –æ–±—ä–µ–º–∞–º –≤ –ü–µ—Ä–º–∏ –Ω–∞ –∞–ø—Ä–µ–ª—å 2023 –≥–æ–¥–∞ —Å–æ—Å—Ç–∞–≤–ª—è–µ—Ç 62%.

–ü–ª–æ—â–∞–¥—å –Ω–µ—Ä–µ–∞–ª–∏–∑–æ–≤–∞–Ω–Ω—ã—Ö –æ—Å—Ç–∞—Ç–∫–æ–≤ ‚Äì 572,7 —Ç—ã—Å. –∫–≤–∞–¥—Ä–∞—Ç–æ–≤. 

–ü–æ–¥—Ä–æ–±–Ω–µ–µ: https://www.business-class.su/news/2023/05/04/otstayushchaya-i-vtorichnaya",–≠–∫–æ–Ω–æ–º–∏–∫–∞,0.8314863
45361,1683948420,"–í —ç—Ç–æ–º –≥–æ–¥—É –∂–∏—Ç–µ–ª–∏ –†–æ—Å—Å–∏–∏ –±—É–¥—É—Ç –æ—Ç–¥—ã—Ö–∞—Ç—å —Å 10 –ø–æ 12 –∏—é–Ω—è –≤–∫–ª—é—á–∏—Ç–µ–ª—å–Ω–æ.

https://www.business-class.su/news/2023/05/08/korotkaya-rabochaya-nedelya-kak-otdyhaem-v-iyune-2023-goda",–ù–∞—É–∫–∞ –∏ —Ç–µ—Ö–Ω–∏–∫–∞,0.9885894
45360,1683903603,"–ì–ª–∞–≤–∞ –ü–µ—Ä–º–∏ –ê–ª–µ–∫—Å–µ–π –î—ë–º–∫–∏–Ω —Å–æ–≤–µ—Ä—à–∏–ª —Ä–∞–±–æ—á–∏–π –≤—ã–µ–∑–¥ –≤ –ú–æ—Ç–æ–≤–∏–ª–∏—Ö–∏–Ω—Å–∫–∏–π —Ä–∞–π–æ–Ω –∏ –ø–æ–æ–±—â–∞–ª—Å—è —Å –∂–∏—Ç–µ–ª—è–º–∏. –í–ª–∞—Å—Ç–∏ —Ä–∞–∑—Ä–∞–±–∞—Ç—ã–≤–∞—é—Ç –ø–ª–∞–Ω—ã –ø–æ —Ä–∞–∑–≤–∏—Ç–∏—é —Å—Ç–∞—Ä–µ–π—à–µ–π —Ç–µ—Ä—Ä–∏—Ç–æ—Ä–∏–∏ –≥–æ—Ä–æ–¥–∞.

üëâ –ü–æ–¥—Ä–æ–±–Ω–µ–µ: https://www.business-class.su/news/2023/05/12/glava-permi-obsudil-s-zhitelyami-motovilihi-blagoustroistvo-raiona",–ì–æ—Ä–æ–¥,0.94894624
45359,1683896403,"–ö—Ä–∞–µ–≤–æ–µ –ø—Ä–∞–≤–∏—Ç–µ–ª—å—Å—Ç–≤–æ —É—Ç–≤–µ—Ä–¥–∏–ª–æ –∏–∑–º–µ–Ω–µ–Ω–∏—è –≤ –ê–¥—Ä–µ—Å–Ω—É—é –∏–Ω–≤–µ—Å—Ç–∏—Ü–∏–æ–Ω–Ω—É—é –ø—Ä–æ–≥—Ä–∞–º–º—É. –ü–æ–ø—Ä–∞–≤–∫–∞ –ø—Ä–µ–¥—É—Å–º–∞—Ç—Ä–∏–≤–∞–µ—Ç –ø—Ä–∏–æ–±—Ä–µ—Ç–µ–Ω–∏–µ –∑–¥–∞–Ω–∏—è –±—ã–≤—à–µ–≥–æ –∫–∏–Ω–æ—Ç–µ–∞—Ç—Ä–∞ ¬´–ö—Ä–∏—Å—Ç–∞–ª–ª¬ª –≤ –ü–µ—Ä–º–∏. –°–µ–π—á–∞—Å —Å–ø–µ—Ü–∏–∞–ª–∏—Å—Ç—ã –ú–∏–Ω–∏–º—É—â–µ—Å—Ç–≤–∞ –ø—Ä–æ–≤–æ–¥—è—Ç –º–µ—Ä–æ–ø—Ä–∏—è—Ç–∏—è –ø–æ –æ—Ü–µ–Ω–∫–µ —Ä—ã–Ω–æ—á–Ω–æ–π —Å—Ç–æ–∏–º–æ—Å—Ç–∏ –æ–±—ä–µ–∫—Ç–∞.

https://www.business-class.su/news/2023/05/12/vlasti-permskogo-kraya-ocenivayut-rynochnuyu-stoimost-kristalla",–ì–æ—Ä–æ–¥,0.3573087
45358,1683889202,"–î–æ–≤–ª–µ—Ç –ê–Ω–∑–∞—Ä–æ–∫–æ–≤ —É—à–µ–ª —Å –¥–æ–ª–∂–Ω–æ—Å—Ç–∏ –≥–µ–Ω–µ—Ä–∞–ª—å–Ω–æ–≥–æ –¥–∏—Ä–µ–∫—Ç–æ—Ä–∞ –ü–µ—Ä–º—Å–∫–æ–≥–æ —Ç–µ–∞—Ç—Ä–∞ –æ–ø–µ—Ä—ã –∏ –±–∞–ª–µ—Ç–∞ –∏–º. –ü. –ò. –ß–∞–π–∫–æ–≤—Å–∫–æ–≥–æ. –î–æ –∫–æ–Ω—Ü–∞ –º–∞—è –ú–∏–Ω–∫—É–ª—å—Ç –Ω–∞–º–µ—Ä–µ–Ω –Ω–∞–π—Ç–∏ –µ–º—É –∑–∞–º–µ–Ω—É.

https://www.business-class.su/news/2023/05/11/novogo-rukovoditelya-permskogo-teatra-opery-i-baleta-predstavyat-do-konca-maya",–ö—É–ª—å—Ç—É—Ä–∞,0.6260918
45355,1683882004,"–í –≤—ã—Ö–æ–¥–Ω—ã–µ –≤ –ü–µ—Ä–º—Å–∫–æ–º –∫—Ä–∞–µ –æ–∂–∏–¥–∞–µ—Ç—Å—è –æ–±–ª–∞—á–Ω–∞—è –ø–æ–≥–æ–¥–∞ –∏ –∫—Ä–∞—Ç–∫–æ–≤—Ä–µ–º–µ–Ω–Ω—ã–µ –¥–æ–∂–¥–∏. 

https://www.business-class.su/news/2023/05/12/v-vyhodnye-v-permskom-krae-potepleet-do-19-gradus",–ì–æ—Ä–æ–¥,0.40826356
45354,1683876420,"–í –ó–∞–∫–æ–Ω–æ–¥–∞—Ç–µ–ª—å–Ω–æ–º –°–æ–±—Ä–∞–Ω–∏–∏ –ü–µ—Ä–º—Å–∫–æ–≥–æ –∫—Ä–∞—è –Ω–∞–≥—Ä–∞–¥–∏–ª–∏ –ª–∞—É—Ä–µ–∞—Ç–æ–≤ –∂—É—Ä–Ω–∞–ª–∏—Å—Ç—Å–∫–æ–π –ø—Ä–µ–º–∏–∏ ¬´–ü—Ä–∞–≤–æ –∏ –æ–±—â–µ—Å—Ç–≤–æ –≤ –ü—Ä–∏–∫–∞–º—å–µ¬ª. –ü–æ —Å–ª–æ–≤–∞–º —Å–ø–∏–∫–µ—Ä–∞ –∫—Ä–∞–µ–≤–æ–≥–æ –ø–∞—Ä–ª–∞–º–µ–Ω—Ç–∞ –í–∞–ª–µ—Ä–∏—è –°—É—Ö–∏—Ö, –µ–∂–µ–≥–æ–¥–Ω–æ –ø—Ä–µ–º–∏—è –ø—Ä–∏—Å—É–∂–¥–∞–µ—Ç—Å—è —Ç–µ–º, –∫—Ç–æ —Ä–∞–∑–±–∏—Ä–∞–µ—Ç—Å—è –≤ —Å—É—Ç–∏ —Ä–µ–≥–∏–æ–Ω–∞–ª—å–Ω–æ–≥–æ –∑–∞–∫–æ–Ω–æ–¥–∞—Ç–µ–ª—å—Å—Ç–≤–∞ –∏ –¥–æ–Ω–æ—Å–∏—Ç –µ–µ –¥–æ –≥—Ä–∞–∂–¥–∞–Ω –≤ —Å–∞–º—ã—Ö —Ä–∞–∑–Ω—ã—Ö —É–≥–æ–ª–∫–∞—Ö –ü—Ä–∏–∫–∞–º—å—è.

https://www.business-class.su/news/2023/05/11/v-permskom-krae-nagradili-zhurnalistov-za-pobedu-v-konkurse-pravo-i-obshchestvo-v-prikame",–ö—É–ª—å—Ç—É—Ä–∞,0.6618519
45350,1683872100,"–ü–æ–∑–¥—Ä–∞–≤–ª—è–µ–º –ø–æ–±–µ–¥–∏—Ç–µ–ª—è –Ω–∞—à–µ–≥–æ —Ä–æ–∑—ã–≥—Ä—ã—à–∞! –ë–∏–ª–µ—Ç—ã –Ω–∞ –∫–æ–Ω—Ü–µ—Ä—Ç –≥—Ä—É–ø–ø—ã ¬´–ö–∏–Ω–æ¬ª –¥–æ—Å—Ç–∞—é—Ç—Å—è [id403737755|Rail Robertovich]!
 
–ü–æ–±–µ–¥–∏—Ç–µ–ª—å –æ–ø—Ä–µ–¥–µ–ª–µ–Ω –Ω–µ–∑–∞–≤–∏—Å–∏–º—ã–º —Å–∞–π—Ç–æ–º konkurzilla.ru 
–°—Å—ã–ª–∫–∞ –Ω–∞ —Ä–µ–∑—É–ª—å—Ç–∞—Ç—ã —Ä–æ–∑—ã–≥—Ä—ã—à–∞: https://konkurzilla.ru/pobediteli/20230530zhtq",–ö—É–ª—å—Ç—É—Ä–∞,0.53404063
45348,1683868726,"–î—ã–º –æ—Ç –º–∞—Å—à—Ç–∞–±–Ω—ã—Ö –ø–æ–∂–∞—Ä–æ–≤ –≤ –°–≤–µ—Ä–¥–ª–æ–≤—Å–∫–æ–π –æ–±–ª–∞—Å—Ç–∏ –≤—Å–µ-—Ç–∞–∫–∏ –¥–æ–±—Ä–∞–ª—Å—è –¥–æ –ü–µ—Ä–º–∏. –í –≥–æ—Ä–æ–¥–µ –∑–∞—Ñ–∏–∫—Å–∏—Ä–æ–≤–∞–Ω–æ –Ω–µ–∑–Ω–∞—á–∏—Ç–µ–ª—å–Ω–æ–µ —É—Ö—É–¥—à–µ–Ω–∏–µ –≤–∏–¥–∏–º–æ—Å—Ç–∏ –∏ –∑–∞–º–µ—Ç–Ω—ã–π –∑–∞–ø–∞—Ö –≥–∞—Ä–∏. 

https://www.business-class.su/news/2023/05/12/dym-ot-masshtabnyh-pozharov-v-sverdlovskom-oblasti-doshel-do-permi",–ì–æ—Ä–æ–¥,0.8037279
45342,1683823800,"–° –Ω–∞—á–∞–ª–∞ –≥–æ–¥–∞ –≤ –ü–µ—Ä–º—Å–∫–æ–º –∫—Ä–∞–µ —Å–¥–∞–Ω—ã –Ω–æ–≤—ã–µ –∫–≤–∞—Ä—Ç–∏—Ä—ã –æ–±—â–µ–π –ø–ª–æ—â–∞–¥—å—é 106 —Ç—ã—Å—è—á –∫–≤. –º–µ—Ç—Ä–æ–≤. –ù–∞ –ø–µ—Ä–≤—É—é –ø—è—Ç–µ—Ä–∫—É –¥–µ–≤–µ–ª–æ–ø–µ—Ä–æ–≤ –ø–æ –≤–≤–æ–¥—É –∂–∏–ª—å—è –≤ —Ä–µ–≥–∏–æ–Ω–µ –ø—Ä–∏—Ö–æ–¥–∏—Ç—Å—è 90,6% –≤–≤–µ–¥–µ–Ω–Ω–æ–≥–æ –∂–∏–ª—å—è.

https://www.business-class.su/news/2023/05/10/odinnadcat-procentov-vniz-top-5-zastroishchikov-prikamya-po-sdannomu-v-2023-godu-mnogokvartirnom",–ì–æ—Ä–æ–¥,0.42023835
45340,1683816600,"–í –ü–µ—Ä–º–∏ –Ω–∞—á–Ω–µ—Ç –∫—É—Ä—Å–∏—Ä–æ–≤–∞—Ç—å –∞–≤—Ç–æ–±—É—Å–Ω—ã–π –º–∞—Ä—à—Ä—É—Ç ‚Ññ 30–ö –æ—Ç –º/—Ä –°–∞–¥–æ–≤—ã–π –¥–æ –æ—Å—Ç–∞–Ω–æ–≤–∫–∏ ¬´–¢–µ–Ω—Ç–æ—Ä–∏—É–º¬ª. –≠—Ç–æ –ø–æ–∑–≤–æ–ª–∏—Ç —É–≤–µ–ª–∏—á–∏—Ç—å —Ç—Ä–∞–Ω—Å–ø–æ—Ä—Ç–Ω—É—é –¥–æ—Å—Ç—É–ø–Ω–æ—Å—Ç—å —É–ª. –í—Å—Ç—Ä–µ—á–Ω–æ–π.

https://www.business-class.su/news/2023/05/10/s-15-maya-v-permi-zapustyat-dopolnitelnyi-avtobusnyi-marshrut-po-ulice-vstrechnoi",–ì–æ—Ä–æ–¥,0.87707764
45339,1683809400,"–¢—É—Ä–µ—Ü–∫–∞—è —Å–µ—Ç—å –æ–¥–µ–∂–¥—ã LC Waikiki –≤ –∞–≤–≥—É—Å—Ç–µ –æ—Ç–∫—Ä–æ–µ—Ç –º–∞–≥–∞–∑–∏–Ω –≤ –¢–†–¶ ¬´–ü–ª–∞–Ω–µ—Ç–∞¬ª. –û—Ç–¥–µ–ª –ø–æ—è–≤–∏—Ç—Å—è –Ω–∞ –º–µ—Å—Ç–µ –∑–∞–∫—Ä—ã–≤—à–µ–≥–æ—Å—è –º–∞–≥–∞–∑–∏–Ω–∞ —è–ø–æ–Ω—Å–∫–æ–≥–æ –±—Ä–µ–Ω–¥–∞ Uniqlo.

https://www.business-class.su/news/2023/05/10/v-avguste-v-permi-otkroetsya-vtoroi-magazin-tureckogo-seti-odezhdy-lc-waikiki",–ì–æ—Ä–æ–¥,0.61650765
45338,1683802200,"–ò–Ω–≤–µ—Å—Ç–æ—Ä –ø–ª–∞–Ω–∏—Ä—É–µ—Ç –ø–æ—Å—Ç—Ä–æ–∏—Ç—å –ø–ª–∞–Ω–µ—Ç–∞—Ä–∏–π –Ω–∞ –°–ª—É–¥—Å–∫–æ–π –≥–æ—Ä–∫–µ –ø–æ —É–ª. –ü–µ—Ç—Ä–æ–ø–∞–≤–ª–æ–≤—Å–∫–æ–π –≤ –ü–µ—Ä–º–∏ –≤ 2024 –≥–æ–¥—É. –°–µ–π—á–∞—Å –∏–Ω–≤–µ—Å—Ç–∏—Ü–∏–æ–Ω–Ω—ã–π –ø—Ä–æ–µ–∫—Ç –ø—Ä–µ—Ç–µ–Ω–¥—É–µ—Ç –Ω–∞ —Å—Ç–∞—Ç—É—Å –ø—Ä–∏–æ—Ä–∏—Ç–µ—Ç–Ω–æ–≥–æ.

üëâ –ü–æ–¥—Ä–æ–±–Ω–µ–µ –æ –ø—Ä–æ–µ–∫—Ç–µ: https://www.business-class.su/news/2023/05/11/proekt-stroitelstva-novogo-planetariya-v-permi-pretenduet-na-status-prioritetnogo

–ò–∑–æ–±—Ä–∞–∂–µ–Ω–∏–µ: –∞–¥–º–∏–Ω–∏—Å—Ç—Ä–∞—Ü–∏—è –ü–µ—Ä–º–∏.",–ì–æ—Ä–æ–¥,0.73491406
45336,1683795000,"–ü—Ä–æ–∫—É—Ä–æ—Ä –∑–∞–ø—Ä–æ—Å–∏–ª –¥–ª—è –±—ã–≤—à–µ–≥–æ –≥–ª–∞–≤–Ω–æ–≥–æ –ø—Ä–∏—Å—Ç–∞–≤–∞ –ü–µ—Ä–º—Å–∫–æ–≥–æ –∫—Ä–∞—è –ò–≥–æ—Ä—è –ö–æ–∂–µ–≤–Ω–∏–∫–æ–≤–∞ 13 –ª–µ—Ç –ª–∏—à–µ–Ω–∏—è —Å–≤–æ–±–æ–¥—ã –≤ –∫–æ–ª–æ–Ω–∏–∏ —Å—Ç—Ä–æ–≥–æ —Ä–µ–∂–∏–º–∞ –∏ 50 –º–ª–Ω —Ä—É–±–ª–µ–π —à—Ç—Ä–∞—Ñ–∞.

https://www.business-class.su/news/2023/05/10/prokuror-prosit-13-let-kolonii-strogogo-rezhima-dlya-eks-glavnogo-sudebnogo-pristava-prikamya",–°–∏–ª–æ–≤—ã–µ —Å—Ç—Ä—É–∫—Ç—É—Ä—ã,0.8497274
45332,1683787800,"–§–µ—Å—Ç–∏–≤–∞–ª—å –æ—Ç–∫—Ä–æ–µ—Ç musicAeterna –ø–æ–¥ —É–ø—Ä–∞–≤–ª–µ–Ω–∏–µ–º –¢–µ–æ–¥–æ—Ä–∞ –ö—É—Ä–µ–Ω—Ç–∑–∏—Å–∞ –≤ –î–ö –∏–º. –°–æ–ª–¥–∞—Ç–æ–≤–∞.

https://www.business-class.su/news/2023/05/10/v-permi-obyavlena-programma-dyagilevskogo-festivalya",–ö—É–ª—å—Ç—É—Ä–∞,0.5777684
45329,1683780591,"–ê–≤—Ç–æ–º–æ–±–∏–ª—å–Ω–æ–µ –¥–≤–∏–∂–µ–Ω–∏–µ –≤ –ü–µ—Ä–º–∏ —É—Ç—Ä–æ–º 11 –º–∞—è –∑–∞—Ç—Ä—É–¥–Ω–µ–Ω–æ. –ú–∞—Å—à—Ç–∞–±–Ω—ã–µ –ø—Ä–æ–±–∫–∏ –∑–∞—Ñ–∏–∫—Å–∏—Ä–æ–≤–∞–Ω—ã –Ω–∞ –ø—Ä–∞–≤–æ–º –±–µ—Ä–µ–≥—É –ö–∞–º—ã –∏ –≤ —Ü–µ–Ω—Ç—Ä–µ –≥–æ—Ä–æ–¥–∞ –∏–∑-–∑–∞ —Ä–µ–º–æ–Ω—Ç–∞ –ö–æ–º–º—É–Ω–∞–ª—å–Ω–æ–≥–æ –º–æ—Å—Ç–∞.

https://www.business-class.su/news/2023/05/11/perm-vstala-v-devyatiballnyh-probkah",–ì–æ—Ä–æ–¥,0.5649294
45327,1683739620,"–ù–∞ —Ç–æ—Ä–≥–∏ –ø–æ –ø—Ä–æ–¥–∞–∂–µ –ø—Ç–∏—Ü–µ—Ñ–∞–±—Ä–∏–∫–∏ ¬´–ö–æ–º—Å–æ–º–æ–ª—å—Å–∫–∞—è¬ª –≤ –ü–µ—Ä–º—Å–∫–æ–º –∫—Ä–∞–µ –ø–æ—Å—Ç—É–ø–∏–ª–æ –Ω–µ—Å–∫–æ–ª—å–∫–æ –∑–∞—è–≤–æ–∫. –í –ø—Ä–∏–æ–±—Ä–µ—Ç–µ–Ω–∏–∏ –∞–∫—Ç–∏–≤–∞ –∑–∞–∏–Ω—Ç–µ—Ä–µ—Å–æ–≤–∞–Ω—ã –Ω–µ—Å–∫–æ–ª—å–∫–æ –∫–æ–º–ø–∞–Ω–∏–π, –≤ —Ç–æ–º —á–∏—Å–ª–µ —Å—Ç—Ä—É–∫—Ç—É—Ä—ã –≤–ª–∞–¥–µ–ª—å—Ü–∞ –ì–ö ¬´–¢–∞–≤—Ä–æ—Å¬ª –†—É—Å—Ç–µ–º–∞ –ú–∏—Ä–≥–∞–ª–∏–º–æ–≤–∞ –∏ –∞–≥—Ä–æ—Ö–æ–ª–¥–∏–Ω–≥ ¬´–ö–æ–º–æ—Å –ì—Ä—É–ø–ø¬ª.

https://www.business-class.su/news/2023/05/10/pticefabriku-v-permskom-krae-mozhet-vykupit-agroholding-iz-udmurtii",–≠–∫–æ–Ω–æ–º–∏–∫–∞,0.72267705
45326,1683732420,"–í –ü–µ—Ä–º–∏ –¥–µ–º–æ–Ω—Ç–∏—Ä–æ–≤–∞–ª–∏ –ø–µ—Ä–º—Å–∫–æ–≥–æ –º–∏—à–∫—É. –°–∫—É–ª—å–ø—Ç—É—Ä—É –≤–µ—Ä–Ω—É—Ç –Ω–∞ –ø—Ä–µ–∂–Ω–µ–µ –º–µ—Å—Ç–æ –≤ —Å–∫–≤–µ—Ä–µ –≤–æ–∑–ª–µ –≥–æ—Å—Ç–∏–Ω–∏—Ü—ã ¬´–£—Ä–∞–ª¬ª.

https://www.business-class.su/news/2023/05/10/skulptura-permskii-medved-vernetsya-na-privychnoe-mesto-vozle-gostinicy-ural",–ì–æ—Ä–æ–¥,0.94788396
45325,1683730708,"–ì–ª–∞–≤–∞ –ü–µ—Ä–º–∏ –ê–ª–µ–∫—Å–µ–π –î—ë–º–∫–∏–Ω –≤—Å—Ç—Ä–µ—Ç–∏–ª—Å—è —Å –¥–∏—Ä–µ–∫—Ç–æ—Ä–∞–º–∏ —à–∫–æ–ª, –ø—Ä–µ–¥—Å—Ç–∞–≤–∏—Ç–µ–ª—è–º–∏ –†—É—Å—Å–∫–æ–π –ü—Ä–∞–≤–æ—Å–ª–∞–≤–Ω–æ–π –¶–µ—Ä–∫–≤–∏ (–†–ü–¶) –∏ –Ω–µ–∫–æ–º–º–µ—Ä—á–µ—Å–∫–∏—Ö –æ—Ä–≥–∞–Ω–∏–∑–∞—Ü–∏–π. –û–Ω–∏ –æ–±—Å—É–¥–∏–ª–∏ –¥—É—Ö–æ–≤–Ω–æ-–Ω—Ä–∞–≤—Å—Ç–≤–µ–Ω–Ω–æ–µ –∏ –≤–æ–µ–Ω–Ω–æ-–ø–∞—Ç—Ä–∏–æ—Ç–∏—á–µ—Å–∫–æ–µ –≤–æ—Å–ø–∏—Ç–∞–Ω–∏–µ –ø–æ–¥—Ä–∞—Å—Ç–∞—é—â–µ–≥–æ –ø–æ–∫–æ–ª–µ–Ω–∏—è –∏ –ø–æ–¥–¥–µ—Ä–∂–∫—É –º–æ–ª–æ–¥–µ–∂–Ω—ã—Ö –∏–Ω–∏—Ü–∏–∞—Ç–∏–≤.

https://www.business-class.su/news/2023/05/10/v-permi-obsudili-voenno-patrioticheskoe-i-duhovnoe-vospitanie-shkolnikov",–ö—É–ª—å—Ç—É—Ä–∞,0.9912923
45324,1683725220,"–í —Ä–∞—Å–ø–∏—Å–∞–Ω–∏–∏ –∞—ç—Ä–æ–ø–æ—Ä—Ç–∞ –ë–æ–ª—å—à–æ–µ –°–∞–≤–∏–Ω–æ –ø–æ—è–≤–∏–ª—Å—è —Ä–µ–π—Å –∏–∑ –ü–µ—Ä–º–∏ –≤ –•—É—Ä–≥–∞–¥—É. –í—ã–ø–æ–ª–Ω—è—Ç—å –ø–µ—Ä–µ–ª–µ—Ç—ã –±—É–¥–µ—Ç Azur Air.

https://www.business-class.su/news/2023/05/10/v-raspisanii-permskogo-aeroporta-poyavilsya-reis-charternoi-aviakompanii-azur-air-v-hurgadu",–ì–æ—Ä–æ–¥,0.9655393
45323,1683718020,"–î–æ –∫–æ–Ω—Ü–∞ –Ω–µ–¥–µ–ª–∏ –≤ –ü–µ—Ä–º—Å–∫–æ–º –∫—Ä–∞–µ –ø—Ä–æ–¥–æ–ª–∂–∏—Ç—Å—è –ø–æ—Å—Ç–µ–ø–µ–Ω–Ω–æ–µ –ø–æ—Ç–µ–ø–ª–µ–Ω–∏–µ. –í —Ä–µ–≥–∏–æ–Ω–µ –±—É–¥–µ—Ç —Å–æ–ª–Ω–µ—á–Ω–∞—è –∏ —Å—É—Ö–∞—è –ø–æ–≥–æ–¥–∞, –Ω–æ —Å–æ—Ö—Ä–∞–Ω—è—Ç—Å—è –Ω–æ—á–Ω—ã–µ –∑–∞–º–æ—Ä–æ–∑–∫–∏.

https://www.business-class.su/news/2023/05/10/v-vyhodnye-v-permskom-krae-potepleet-do-21-gradusa",–ì–æ—Ä–æ–¥,0.66736156
45319,1683710820,"–ü–∞—Å—Å–∞–∂–∏—Ä–æ–ø–æ—Ç–æ–∫ –≤—Å–µ–≥–æ –æ–±—â–µ—Å—Ç–≤–µ–Ω–Ω–æ–≥–æ —Ç—Ä–∞–Ω—Å–ø–æ—Ä—Ç–∞ –∑–∞ –ø–µ—Ä–≤—ã–µ —Ç—Ä–∏ –º–µ—Å—è—Ü–∞ 2023 –≥–æ–¥–∞ –¥–æ—Å—Ç–∏–≥ 55,6 –º–ª–Ω –ø–æ–µ–∑–¥–æ–∫, —á—Ç–æ –Ω–∞ 27,8 % –ø—Ä–µ–≤—ã—à–∞–µ—Ç –ø–æ–∫–∞–∑–∞—Ç–µ–ª—å –∞–Ω–∞–ª–æ–≥–∏—á–Ω–æ–≥–æ –ø–µ—Ä–∏–æ–¥–∞ –ø—Ä–æ—à–ª–æ–≥–æ –≥–æ–¥–∞.

https://www.business-class.su/news/2023/05/10/stali-izvestny-marshruty-transporta-v-permi-s-samym-bolshim-chislom-passazhirov-v-2023-godu",–ì–æ—Ä–æ–¥,0.8997128
45318,1683703620,"–í –ü–µ—Ä–º–∏ —Ä–∞–∑–Ω–∏—Ü–∞ –≤ —Å—Ç–æ–∏–º–æ—Å—Ç–∏ –∫–≤–∞–¥—Ä–∞—Ç–Ω–æ–≥–æ –º–µ—Ç—Ä–∞ –≤ –Ω–æ–≤–æ—Å—Ç—Ä–æ–π–∫–∞—Ö –∏ –≤—Ç–æ—Ä–∏—á–Ω–æ–º –∂–∏–ª—å–µ –∑–∞ –≥–æ–¥ –≤ —Å—Ä–µ–¥–Ω–µ–º —Å–æ—Å—Ç–∞–≤–∏–ª–∞ 20 —Ç—ã—Å—è—á —Ä—É–±–ª–µ–π.

https://www.business-class.su/news/2023/05/04/otstayushchaya-i-vtorichnaya",–ì–æ—Ä–æ–¥,0.97947204
45312,1683696420,"–ú–∞—Ä—à—Ä—É—Ç—ã –∫—Ä—É–∏–∑–æ–≤, –∫–æ—Ç–æ—Ä—ã–µ –ø—Ä–æ—Ö–æ–¥—è—Ç —á–µ—Ä–µ–∑ –ü–µ—Ä–º—å –∏ —è–≤–ª—è—é—Ç—Å—è —á–∞—Å—Ç—å—é ¬´–í–µ–ª–∏–∫–æ–≥–æ –≤–æ–ª–∂—Å–∫–æ–≥–æ –ø—É—Ç–∏¬ª, –ø–ª–∞–Ω–∏—Ä—É—é—Ç –ø—Ä–æ–¥–ª–∏—Ç—å –¥–æ –í–µ—Ä—Ö–Ω–µ–∫–∞–º—å—è.

https://www.business-class.su/news/2023/05/07/k-2026-godu-v-permskom-krae-planiruyut-prodlit-kruizy-velikogo-volzhskogo-puti",–ì–æ—Ä–æ–¥,0.992814
45310,1683689220,"–†–∞–¥–∏–∞—Ü–∏–æ–Ω–Ω—ã–π —Ñ–æ–Ω –≤ –ü–µ—Ä–º—Å–∫–æ–º –∫—Ä–∞–µ –æ—Ü–µ–Ω–∏–≤–∞–µ—Ç—Å—è –∫–∞–∫ –±–ª–∞–≥–æ–ø–æ–ª—É—á–Ω—ã–π. –í –∞–ø—Ä–µ–ª–µ –º–æ—â–Ω–æ—Å—Ç—å –¥–æ–∑—ã –≥–∞–º–º–∞-–∏–∑–ª—É—á–µ–Ω–∏—è –Ω–µ –ø—Ä–µ–≤—ã—Å–∏–ª–∞ –≥–∏–≥–∏–µ–Ω–∏—á–µ—Å–∫–∏–π –Ω–æ—Ä–º–∞—Ç–∏–≤.

https://www.business-class.su/news/2023/05/09/v-rospotrebnadzore-rasskazali-ob-urovne-radiacii-v-permskom-krae",–≠–∫–æ–Ω–æ–º–∏–∫–∞,0.60851747
45308,1683656820,"–í –ü–µ—Ä–º—Å–∫–æ–º –∫—Ä–∞–µ –Ω–æ—á—å –Ω–∞ 9 –º–∞—è –æ–∫–∞–∑–∞–ª–∞—Å—å –∞–Ω–æ–º–∞–ª—å–Ω–æ —Ö–æ–ª–æ–¥–Ω–æ–π. –ù–∞ –Ω–µ–∫–æ—Ç–æ—Ä—ã—Ö –º–µ—Ç–µ–æ—Å—Ç–∞–Ω—Ü–∏—è—Ö —Ç–µ–º–ø–µ—Ä–∞—Ç—É—Ä–∞ –≤–æ–∑–¥—É—Ö–∞ –æ–ø—É—Å—Ç–∏–ª–∞—Å—å –Ω–∏–∂–µ -5Àö.

https://www.business-class.su/news/2023/05/09/v-permskom-krae-ozhidayutsya-zamorozki-do-5-gradusov",–ì–æ—Ä–æ–¥,0.65638095
45307,1683649620,"–ü–æ—Å–ª–µ –ø—Ä–∞–∑–¥–Ω–∏—á–Ω—ã—Ö –≤—ã—Ö–æ–¥–Ω—ã—Ö –≤ –¥–≤—É—Ö —Ä–∞–π–æ–Ω–∞—Ö –ü–µ—Ä–º–∏ –æ—Ç–∫–ª—é—á–∞—Ç —Ö–æ–ª–æ–¥–Ω—É—é –≤–æ–¥—É. 

https://www.business-class.su/news/2023/05/09/na-etoi-nedele-v-ryade-domov-v-permi-zaplanirovano-otklyuchenie-holodnoi-vody",–ì–æ—Ä–æ–¥,0.48093936
45306,1683642420,"–ù–∞ –ø–µ—Ä–≤–æ–º —ç—Ç–∞–∂–µ —Ç–æ—Ä–≥–æ–≤–æ-—Ä–∞–∑–≤–ª–µ–∫–∞—Ç–µ–ª—å–Ω–æ–≥–æ —Ü–µ–Ω—Ç—Ä–∞ ¬´–ü–ª–∞–Ω–µ—Ç–∞¬ª –≤ –ü–µ—Ä–º–∏ –æ—Ç–∫—Ä—ã–ª—Å—è –º–∞–≥–∞–∑–∏–Ω Ecru.

https://www.business-class.su/news/2023/05/09/v-permskom-trc-planeta-na-meste-bershka-otkrylsya-magazin-ecru",–ì–æ—Ä–æ–¥,0.37203765
45295,1683637782,"–°–µ–≥–æ–¥–Ω—è –≤ –ü–µ—Ä–º–∏ —Å–æ—Å—Ç–æ—è–ª—Å—è –ø–∞—Ä–∞–¥, –ø–æ—Å–≤—è—â–µ–Ω–Ω—ã–π 78-–π –≥–æ–¥–æ–≤—â–∏–Ω–µ –ü–æ–±–µ–¥—ã –≤ –í–µ–ª–∏–∫–æ–π –û—Ç–µ—á–µ—Å—Ç–≤–µ–Ω–Ω–æ–π –≤–æ–π–Ω–µ. –í –Ω–µ–º –ø—Ä–∏–Ω—è–ª–∏ —É—á–∞—Å—Ç–∏–µ –æ–∫–æ–ª–æ —Ç—Ä–µ—Ö —Ç—ã—Å—è—á —á–µ–ª–æ–≤–µ–∫, –ø–æ—Ä—è–¥–∫–∞ –¥–≤—É—Ö —Ç—ã—Å—è—á –∏–∑ –Ω–∏—Ö ‚Äì –≤–æ–µ–Ω–Ω—ã–µ, –∫—É—Ä—Å–∞–Ω—Ç—ã –∏ –∫–∞–¥–µ—Ç—ã.

https://www.business-class.su/news/2023/05/09/v-parade-pobedy-v-permi-prinyali-uchastie-bolee-treh-tysyach-chelovek

–§–æ—Ç–æ: –∞–¥–º–∏–Ω–∏—Å—Ç—Ä–∞—Ü–∏—è –ü–µ—Ä–º–∏",–ö—É–ª—å—Ç—É—Ä–∞,0.77800626
45293,1683635220,"–í –ü–µ—Ä–º–∏ –Ω–∞ —Ç–æ—Ä–≥–∏ –≤–Ω–æ–≤—å –≤—ã—Å—Ç–∞–≤–ª–µ–Ω–æ –∏–º—É—â–µ—Å—Ç–≤–æ ¬´–ú–æ—Ç–æ–≤–∏–ª–∏—Ö–∏–Ω—Å–∫–∏—Ö –∑–∞–≤–æ–¥–æ–≤¬ª. –†–µ—á—å –∏–¥–µ—Ç –æ —Å—Ç–æ–ª–µ—Ç–Ω–µ–º –∂–∏–ª–æ–º –¥–æ–º–µ –∏ —Ç—Ä–∞–Ω—Å—Ñ–æ—Ä–º–∞—Ç–æ—Ä–Ω–æ–π –ø–æ–¥—Å—Ç–∞–Ω—Ü–∏–∏. 

https://www.business-class.su/news/2023/05/09/v-permi-vnov-obyavleny-torgi-po-prodazhe-imushchestva-motovilihinskih-zavodov",–ì–æ—Ä–æ–¥,0.6210249
45292,1683628020,"–ñ–∏—Ç–µ–ª–µ–π –ü–µ—Ä–º–∏ 25 –º–∞—è –ø—Ä–∏–≥–ª–∞—à–∞—é—Ç –Ω–∞ —Å—ä–µ–º–∫—É –º–∞—Å—Å–æ–≤–æ–π —Å—Ü–µ–Ω—ã —Ñ–∏–ª—å–º–∞ ¬´–ö—É–ª—å—Ç—É—Ä–Ω–∞—è –∫–æ–º–µ–¥–∏—è¬ª. 

https://www.business-class.su/news/2023/05/09/zhitelei-permi-priglashayut-snyatsya-v-massovoi-scene-filma-kulturnaya-komediya",–ö—É–ª—å—Ç—É—Ä–∞,0.9975891
45290,1683620820,"–ö–∞–∫ –±–ª–∞–≥–æ—É—Å—Ç—Ä–æ–∏—Ç—å –ü–µ—Ä–º—å, —Å–æ—Ö—Ä–∞–Ω–∏–≤ –ø—Ä–∏—Ä–æ–¥–Ω–æ–µ —Ä–∞–≤–Ω–æ–≤–µ—Å–∏–µ. –ü–æ–±–µ—Å–µ–¥–æ–≤–∞–ª–∏ –æ –∑–µ–ª–µ–Ω–æ–º –∫–∞—Ä–∫–∞—Å–µ –≥–æ—Ä–æ–¥–∞ —Å —É—á–µ–Ω—ã–º –∏ –æ–±—â–µ—Å—Ç–≤–µ–Ω–Ω–∏—Ü–µ–π.

https://www.business-class.su/news/2023/05/06/perm-zelenaya-rasskazyvaem-o-proektah-kotorye-formiruyut-zelenyi-karkas-goroda",–ì–æ—Ä–æ–¥,0.6298516
45289,1683613500,"–í –ü–µ—Ä–º—Å–∫–æ–º –∫—Ä–∞–µ –≤—ã–±–∏—Ä–∞—é—Ç –ø–æ–¥—Ä—è–¥—á–∏–∫–æ–≤ –¥–ª—è —Ä–µ–º–æ–Ω—Ç–∞ —Ä–µ–≥–∏–æ–Ω–∞–ª—å–Ω—ã—Ö –¥–æ—Ä–æ–≥. –ù–∞ —Ç–æ—Ä–≥–∏ –≤—ã—Å—Ç–∞–≤–ª–µ–Ω—ã –¥–≤–∞ –ª–æ—Ç–∞ ‚Äì –∫–∞–∂–¥—ã–π –ø–æ—á—Ç–∏ –Ω–∞ –º–∏–ª–ª–∏–∞—Ä–¥.

https://www.business-class.su/news/2023/05/06/v-permskom-krae-razygrayut-kontrakty-na-remont-regionalnyh-dorog-na-2-mlrd-rublei",–ì–æ—Ä–æ–¥,0.8054982
45283,1683606120,"–í–ª–∞—Å—Ç–∏ –ø–ª–∞–Ω–∏—Ä—É—é—Ç —á–µ—Ä–µ–∑ –ø—Ä–æ—Ü–µ–¥—É—Ä—É –∞—É–∫—Ü–∏–æ–Ω–∞ –ø—Ä–∏–≤–∞—Ç–∏–∑–∏—Ä–æ–≤–∞—Ç—å –∏–º—É—â–µ—Å—Ç–≤–µ–Ω–Ω—ã–π –∫–æ–º–ø–ª–µ–∫—Å –±—ã–≤—à–µ–≥–æ –∫–æ–Ω–µ–∑–∞–≤–æ–¥–∞. –¢–µ—Ä—Ä–∏—Ç–æ—Ä–∏—è –ø—É—Å—Ç—É–µ—Ç –ø–æ—Ä—è–¥–∫–∞ —Å–µ–º–∏ –ª–µ—Ç. –ê —Ä–∞–Ω—å—à–µ —Ç–∞–º —Ä–∞–∑–≤–æ–¥–∏–ª–∏ –æ—Ä–ª–æ–≤—Å–∫–∏—Ö —Ä—ã—Å–∞–∫–æ–≤. 

https://www.business-class.su/news/2023/05/06/v-permskom-krae-sobirayutsya-privatizirovat-byvshii-konnyi-zavod",–ì–æ—Ä–æ–¥,0.9944723
45280,1683562860,"–ü—Ä–æ–∫—É—Ä–∞—Ç—É—Ä–∞ —á–µ—Ä–µ–∑ —Å—É–¥ —Ç—Ä–µ–±—É–µ—Ç –æ–±—è–∑–∞—Ç—å –∞–¥–º–∏–Ω–∏—Å—Ç—Ä–∞—Ü–∏—é –ü–µ—Ä–º–∏ —Ä–∞–∑—Ä–∞–±–æ—Ç–∞—Ç—å –ø—Ä–æ–≥—Ä–∞–º–º—ã –∫–æ–º–ø–ª–µ–∫—Å–Ω–æ–≥–æ —Ä–∞–∑–≤–∏—Ç–∏—è —Ç—Ä–∞–Ω—Å–ø–æ—Ä—Ç–Ω–æ–π –∏ –∫–æ–º–º—É–Ω–∞–ª—å–Ω–æ–π –∏–Ω—Ñ—Ä–∞—Å—Ç—Ä—É–∫—Ç—É—Ä—ã. –°–µ–π—á–∞—Å —Ç–∞–∫–∏–µ –¥–æ–∫—É–º–µ–Ω—Ç—ã –Ω–∞ 2023 –≥–æ–¥ –∏ –ø–æ—Å–ª–µ–¥—É—é—â–∏–π –ø–µ—Ä–∏–æ–¥ –æ—Ç—Å—É—Ç—Å—Ç–≤—É—é—Ç.

https://www.business-class.su/news/2023/05/06/prokuror-permi-podal-isk-k-merii-iz-za-otsutstviya-programmy-razvitiya-infrastruktury-transporta",–ì–æ—Ä–æ–¥,0.8252881
45279,1683555480,"–°—É–±–ø–æ–¥—Ä—è–¥—á–∏–∫, –∫–æ—Ç–æ—Ä—ã–π –¥–æ–ª–∂–µ–Ω –±—ã–ª –Ω–∞—á–∞—Ç—å —Ä–µ–∫–æ–Ω—Å—Ç—Ä—É–∫—Ü–∏—é —Å—Ç–∞—Ä–æ–≥–æ –ß—É—Å–æ–≤—Å–∫–æ–≥–æ –º–æ—Å—Ç–∞, –ø–æ–¥–∞–ª –∏—Å–∫ –∫ –≥–µ–Ω–µ—Ä–∞–ª—å–Ω–æ–º—É –ø–æ–¥—Ä—è–¥—á–∏–∫—É –∏ –∫–æ–Ω—Ü–µ—Å—Å–∏–æ–Ω–µ—Ä—É –æ–±—ä–µ–∫—Ç–∞. –°—É–º–º–∞ –≤–Ω—É—à–∏—Ç–µ–ª—å–Ω–∞—è ‚Äì 2,8 –º–ª—Ä–¥ —Ä—É–±–ª–µ–π.

 https://www.business-class.su/news/2023/05/06/genpodryadchiku-i-investoru-stroitelstva-chusovskogo-mosta-predyavili-isk-na-28-mlrd-rublei",–ì–æ—Ä–æ–¥,0.9536188
45278,1683548040,"–ü–ª–∞–Ω–∏—Ä—É–µ—Ç—Å—è, —á—Ç–æ –ø—Ä–æ–µ–∑–¥ –≤ –∞–≤—Ç–æ–±—É—Å–∞—Ö –∏ —Ç—Ä–∞–º–≤–∞—è—Ö –Ω–µ –Ω—É–∂–Ω–æ –±—É–¥–µ—Ç –æ–ø–ª–∞—á–∏–≤–∞—Ç—å —Å 0.00 12 –∏—é–Ω—è –¥–æ 2.00 13 –∏—é–Ω—è. –≠—Ç–æ —Å–≤—è–∑–∞–Ω–æ —Å –ø—Ä–æ–≤–µ–¥–µ–Ω–∏–µ–º —é–±–∏–ª–µ–π–Ω—ã—Ö –º–µ—Ä–æ–ø—Ä–∏—è—Ç–∏–π.

https://www.business-class.su/news/2023/05/05/v-den-goroda-v-permi-planiruyut-organizovat-besplatnyi-proezd-v-obshchestvennom-transporte",–ì–æ—Ä–æ–¥,0.7044705
45277,1683540660,"–û—Å—É–∂–¥–µ–Ω–Ω—ã–π —ç–∫—Å-–≤–ª–∞–¥–µ–ª–µ—Ü –û–û–û ¬´–ú—É–ª–ª–∏–Ω—Å–∫–∞—è –Ω–µ—Ñ—Ç–µ–±–∞–∑–∞¬ª –∏ —Å–µ—Ç–∏ –∞–≤—Ç–æ–∑–∞–ø—Ä–∞–≤–æ—á–Ω—ã—Ö —Å—Ç–∞–Ω—Ü–∏–π ¬´–§–µ–Ω–∏–∫—Å –ü–µ—Ç—Ä–æ–ª–µ—É–º¬ª –ù–∏–∫–æ–ª–∞–π –¢–∏—Ö–æ–Ω–æ–≤–µ—Ü –ø—Ä–∏–∑–Ω–∞–Ω –±–∞–Ω–∫—Ä–æ—Ç–æ–º.

https://www.business-class.su/news/2023/05/06/sud-priznal-byvshego-vladelca-seti-azs-feniks-petroleum-bankrotom",–≠–∫–æ–Ω–æ–º–∏–∫–∞,0.9919275
45276,1683533220,"–†—è–¥–æ–º —Å –¢–†–¶ ¬´–ü–ª–∞–Ω–µ—Ç–∞¬ª –ø–æ—è–≤–∏–ª–∏—Å—å ¬´—É–º–Ω—ã–µ¬ª –æ—Å—Ç–∞–Ω–æ–≤–∫–∏. –ö —Ç–æ—Ä–≥–æ–≤–æ-—Ä–∞–∑–≤–ª–µ–∫–∞—Ç–µ–ª—å–Ω–æ–º—É-—Ü–µ–Ω—Ç—Ä—É –ø–µ—Ä–µ–Ω–µ—Å—É—Ç –ø–ª–æ—â–∞–¥–∫—É –¥–ª—è —Ä–∞–∑–≤–æ—Ä–æ—Ç–∞ –∏ –º–µ–∂—Ä–µ–π—Å–æ–≤–æ–π —Å—Ç–æ—è–Ω–∫–∏ —Ä—è–¥–∞ –∞–≤—Ç–æ–±—É—Å–Ω—ã—Ö –º–∞—Ä—à—Ä—É—Ç–æ–≤.

https://www.business-class.su/news/2023/05/06/u-trc-planeta-ustanovili-ostanovochnye-pavilony-dlya-avtobusov",–ì–æ—Ä–æ–¥,0.9183112
45275,1683525840,"–°–ö–† –ø–æ –ü–µ—Ä–º—Å–∫–æ–º—É –∫—Ä–∞—é –ø—Ä–æ–≤–æ–¥–∏—Ç –ø—Ä–æ—Ü–µ—Å—Å—É–∞–ª—å–Ω—É—é –ø—Ä–æ–≤–µ—Ä–∫—É –ø–æ—Å–ª–µ –∂–∞–ª–æ–± –Ω–∞ –ø—Ä–æ–∏–∑–≤–æ–¥–∏—Ç–µ–ª—è –∞—Å—Ñ–∞–ª—å—Ç–æ–±–µ—Ç–æ–Ω–∞ –∏–∑ –ö—É–Ω–≥—É—Ä—Å–∫–æ–≥–æ –æ–∫—Ä—É–≥–∞.

https://www.business-class.su/news/2023/05/05/glava-sk-rossii-poruchil-proverit-proizvoditelya-asfaltobetona-iz-permskogo-kraya",–°–∏–ª–æ–≤—ã–µ —Å—Ç—Ä—É–∫—Ç—É—Ä—ã,0.6012944
45273,1683518520,"–ö–∞–∫ –±—É–¥–µ—Ç —Ö–æ–¥–∏—Ç—å –æ–±—â–µ—Å—Ç–≤–µ–Ω–Ω—ã–π —Ç—Ä–∞–Ω—Å–ø–æ—Ä—Ç –≤ —Å–≤—è–∑–∏ —Å –ø–µ—Ä–µ–∫—Ä—ã—Ç–∏–µ–º –¥–æ—Ä–æ–≥ –≤ —Ü–µ–Ω—Ç—Ä–µ? –°—Ö–µ–º—ã –≤–Ω—É—Ç—Ä–∏ üëá

https://www.business-class.su/news/2023/05/05/v-permi-v-den-pobedy-izmenyatsya-marshruty-sledovaniya-obshchestvennogo-transporta",–ì–æ—Ä–æ–¥,0.9929188
45272,1683475201,"–ù–∞ –ø–ª–æ—â–∞–¥–∏ –ø–µ—Ä–µ–¥ –û—Ä–≥–∞–Ω–Ω—ã–º –∑–∞–ª–æ–º –ü–µ—Ä–º—Å–∫–æ–π —Ñ–∏–ª–∞—Ä–º–æ–Ω–∏–∏ –ø–æ—è–≤–∏–ª–∞—Å—å –º–æ–¥–µ–ª—å –ø—Ä–æ—Ç–∏–≤–æ—Ç–∞–Ω–∫–æ–≤–æ–π –ø—É—à–∫–∏ 53-–∫ –æ–±—Ä–∞–∑—Ü–∞ 1943 –≥–æ–¥–∞. –≠—Ç–æ –ø–µ—Ä–≤—ã–π —ç–∫—Å–ø–æ–Ω–∞—Ç –ø–∞—Ç—Ä–∏–æ—Ç–∏—á–µ—Å–∫–æ–≥–æ —Ñ–µ—Å—Ç–∏–≤–∞–ª—è ¬´–û—Ä—É–∂–∏–µ –ü–æ–±–µ–¥—ã¬ª.

https://www.business-class.su/news/2023/05/06/v-centre-permi-ustanovili-obrazec-45-millimetrovoi-protivotankovoi-pushki",–ö—É–ª—å—Ç—É—Ä–∞,0.7086584
45271,1683468001,"–í –®–µ—Ä–µ–º–µ—Ç—å–µ–≤–æ –ê–ª–µ–∫—Å–∞–Ω–¥—Ä –ß–µ—Ä–Ω—ã—à–æ–≤ –±—ã–ª —Å–Ω—è—Ç —Å —Ä–µ–π—Å–∞ –∏ –∑–∞–¥–µ—Ä–∂–∞–Ω –∑–∞ –º–µ–ª–∫–æ–µ —Ö—É–ª–∏–≥–∞–Ω—Å—Ç–≤–æ. –°—É–¥ –æ—Ç–ø—Ä–∞–≤–∏–ª –µ–≥–æ –ø–æ–¥ –∞—Ä–µ—Å—Ç –Ω–∞ 15 —Å—É—Ç–æ–∫.

https://www.business-class.su/news/2023/05/06/glavu-permskogo-centra-istoricheskoi-pamyati-otpravili-pod-arest-na-15-sutok",–°–∏–ª–æ–≤—ã–µ —Å—Ç—Ä—É–∫—Ç—É—Ä—ã,0.53092575
45270,1683460801,"–ö—Ä–∞–µ–≤–æ–µ –ú–∏–Ω–∏–º—É—â–µ—Å—Ç–≤–∞ —É—Ç–≤–µ—Ä–¥–∏–ª–æ –¥–æ–∫—É–º–µ–Ω—Ç–∞—Ü–∏—é –ø–æ –ø–ª–∞–Ω–∏—Ä–æ–≤–∫–µ —Ç–µ—Ä—Ä–∏—Ç–æ—Ä–∏–∏ –¥–ª—è —Å—Ç—Ä–æ–∏—Ç–µ–ª—å—Å—Ç–≤–∞ –ø–æ–¥–∑–µ–º–Ω–æ–≥–æ –ø–µ—à–µ—Ö–æ–¥–Ω–æ–≥–æ –ø–µ—Ä–µ—Ö–æ–¥–∞ –æ—Ç –º–Ω–æ–≥–æ—Ñ—É–Ω–∫—Ü–∏–æ–Ω–∞–ª—å–Ω–æ–≥–æ —Ü–µ–Ω—Ç—Ä–∞ ¬´–≠—Å–ø–ª–∞–Ω–∞–¥–∞¬ª. –ï–≥–æ –ø–æ—Å—Ç—Ä–æ—è—Ç –Ω–µ –ø–æ–∑–¥–Ω–µ–µ 2025 –≥–æ–¥–∞.

https://www.business-class.su/news/2023/05/05/v-permi-utverdili-dokumentaciyu-dlya-stroitelstva-podzemnogo-perehoda-ot-mfc-esplanada",–ì–æ—Ä–æ–¥,0.9343257
45269,1683453601,"–£—á–∞—Å—Ç–æ–∫ –ø–ª–æ—â–∞–¥—å—é 7,4 –≥–∞ –ø–æ–¥ —Å—Ç—Ä–æ–∏—Ç–µ–ª—å—Å—Ç–≤–æ –∫–æ–º–º–µ—Ä—á–µ—Å–∫–æ–≥–æ –æ–±—ä–µ–∫—Ç–∞ –≤ –ò–Ω–¥—É—Å—Ç—Ä–∏–∞–ª—å–Ω–æ–º —Ä–∞–π–æ–Ω–µ –ü–µ—Ä–º–∏ –ø–æ–≤—Ç–æ—Ä–Ω–æ –≤—ã—Å—Ç–∞–≤–∏–ª–∏ –Ω–∞ —Ç–æ—Ä–≥–∏.

https://www.business-class.su/news/2023/05/05/domrf-vnov-vystavil-na-torgi-uchastok-pod-kommercheskoe-stroitelstvo-v-verhnih-mullah",–ì–æ—Ä–æ–¥,0.7617116
45268,1683446401,"–°–∞–ª—é—Ç –≤ —á–µ—Å—Ç—å –î–Ω—è –ü–æ–±–µ–¥—ã –ø—Ä–æ–π–¥–µ—Ç —Å 23.00 –¥–æ 23.10. –ü–æ—Å–ª–µ —ç—Ç–æ–≥–æ –∂–∏—Ç–µ–ª–∏ –≥–æ—Ä–æ–¥–∞ —Å–º–æ–≥—É—Ç –≤–æ—Å–ø–æ–ª—å–∑–æ–≤–∞—Ç—å—Å—è –∞–≤—Ç–æ–±—É—Å–∞–º–∏ –∏ —Ç—Ä–∞–º–≤–∞—è–º–∏.

https://www.business-class.su/news/2023/05/06/v-den-pobedy-v-permi-prodlyat-rabotu-obshchestvennogo-transporta",–ì–æ—Ä–æ–¥,0.8663013
45267,1683439200,"–í –ø–µ—Ä–º—Å–∫–æ–º –¢–†–¶ ¬´–ü–ª–∞–Ω–µ—Ç–∞¬ª –Ω–∞ –º–µ—Å—Ç–µ –∏—Å–ø–∞–Ω—Å–∫–æ–≥–æ –±—Ä–µ–Ω–¥–∞ Stradivarius –æ—Ç–∫—Ä—ã–ª—Å—è –º–∞–≥–∞–∑–∏–Ω VILET. –û—Ç–¥–µ–ª –∑–∞–Ω—è–ª –ø–æ–º–µ—â–µ–Ω–∏–µ —Ä–∞–∑–º–µ—Ä–æ–º 585 –∫–≤. –º –Ω–∞ –ø–µ—Ä–≤–æ–º —ç—Ç–∞–∂–µ –º–æ–ª–ª–∞.

https://www.business-class.su/news/2023/05/03/v-permskom-trc-planeta-na-meste-stradivarius-otkrylsya-magazin-vilet",–ì–æ—Ä–æ–¥,0.8709536
45266,1683432000,"–° –Ω–∞—á–∞–ª–æ–º —Å–µ–∑–æ–Ω–∞ –ø—Ä–æ–∫–∞—Ç–∞ —Å–ø—Ä–æ—Å –Ω–∞ –∞—Ä–µ–Ω–¥—É —ç–ª–µ–∫—Ç—Ä–æ—Å–∞–º–æ–∫–∞—Ç–æ–≤ –≤ –ü–µ—Ä–º–∏ –≤—ã—Ä–æ—Å –ø–æ —Å—Ä–∞–≤–Ω–µ–Ω–∏—é —Å –ø—Ä–æ—à–ª—ã–º –≥–æ–¥–æ–º –Ω–∞ 42 %. –í —Ç–µ–ø–ª–æ–µ –≤—Ä–µ–º—è –∂–∏—Ç–µ–ª–∏ –∫—Ä—É–ø–Ω—ã—Ö –≥–æ—Ä–æ–¥–æ–≤ —Ä–∞—Å—Å–º–∞—Ç—Ä–∏–≤–∞—é—Ç —Ç–∞–∫–æ–π —Ç—Ä–∞–Ω—Å–ø–æ—Ä—Ç –∫–∞–∫ –¥–æ—Å—Ç—É–ø–Ω—É—é –∞–ª—å—Ç–µ—Ä–Ω–∞—Ç–∏–≤—É —Ç–∞–∫—Å–∏, –∫–∞—Ä—à–µ—Ä–∏–Ω–≥—É –∏ –ª–∏—á–Ω—ã–º –∞–≤—Ç–æ–º–æ–±–∏–ª—è–º. 

https://www.business-class.su/news/2023/05/04/spros-na-arendu-elektrosamokatov-v-permi-vyros-na-42",–ì–æ—Ä–æ–¥,0.37712875
45471,1684595520,–ü—Ä–∏—Ä–æ–¥–∞ –ü–µ—Ä–º—Å–∫–æ–≥–æ –∫—Ä–∞—è üåø –°–µ–∑–æ–Ω —Å–ø–ª–∞–≤–æ–≤ –≤ —Ä–∞–∑–≥–∞—Ä–µ!,–ì–æ—Ä–æ–¥,0.48201227
45470,1684587600,"–ê–≤–∏–∞–∫–æ–º–ø–∞–Ω–∏—è ¬´–†–æ—Å—Å–∏—è¬ª –∑–∞–ø—É—Å–∫–∞–µ—Ç –¥–æ–ø–æ–ª–Ω–∏—Ç–µ–ª—å–Ω—ã–π —Ä–µ–π—Å –∏–∑ –°–∞–Ω–∫—Ç-–ü–µ—Ç–µ—Ä–±—É—Ä–≥–∞ –≤ –ü–µ—Ä–º—å –∏ –æ–±—Ä–∞—Ç–Ω–æ. –ü–æ–ª–µ—Ç—ã –±—É–¥—É—Ç –≤—ã–ø–æ–ª–Ω—è—Ç—å —Å 1 –∏—é–Ω—è –≤ –µ–∂–µ–¥–Ω–µ–≤–Ω–æ–º —Ä–µ–∂–∏–º–µ.

https://www.business-class.su/news/2023/05/18/aviakompaniya-rossiya-uvelichivaet-chastotu-poletov-iz-permi-v-sankt-peterburg",–≠–∫–æ–Ω–æ–º–∏–∫–∞,0.81934065
45469,1684576800,"–ú–µ–∂–¥—É —Ç–µ—Ä—Ä–∏—Ç–æ—Ä–∏–µ–π –ê–û ¬´–ê–º–±–µ—Ä –ü–µ—Ä–º–∞–ª–∫–æ¬ª –∏ –±—É–¥—É—â–∏–º –≥–æ—Å—Ç–∏–Ω–∏—á–Ω—ã–º –∫–æ–º–ø–ª–µ–∫—Å–æ–º –ø–æ —É–ª. –û–∫—É–ª–æ–≤–∞, 14 –ø–ª–∞–Ω–∏—Ä—É—é—Ç –ø—Ä–æ–ª–æ–∂–∏—Ç—å –ø–µ—à–µ—Ö–æ–¥–Ω—É—é —É–ª–∏—Ü—É. –ù–∞ –Ω–µ–π –ø—Ä–µ–¥—É—Å–º–æ—Ç—Ä—è—Ç –ø—Ä–µ–∏–º—É—â–µ—Å—Ç–≤–µ–Ω–Ω–æ –ø–µ—à–µ—Ö–æ–¥–Ω–æ–µ –¥–≤–∏–∂–µ–Ω–∏–µ.

https://www.business-class.su/news/2023/05/18/vozle-budushchego-gostinichnogo-kompleksa-na-meste-dk-telta-prolozhat-peshehodnuyu-ulicu",–ì–æ—Ä–æ–¥,0.9960914
45467,1684569601,"–í –ê—Ä–±–∏—Ç—Ä–∞–∂–Ω—ã–π —Å—É–¥ –ú–æ—Å–∫–≤—ã –ø–æ—Å—Ç—É–ø–∏–ª–æ –∏—Å–∫–æ–≤–æ–µ –∑–∞—è–≤–ª–µ–Ω–∏–µ –≥–µ–Ω–µ—Ä–∞–ª—å–Ω–æ–≥–æ –ø–æ–¥—Ä—è–¥—á–∏–∫–∞ —Å—Ç—Ä–æ–∏—Ç–µ–ª—å—Å—Ç–≤–∞ –ß—É—Å–æ–≤—Å–∫–æ–≥–æ –º–æ—Å—Ç–∞ –ê–û ¬´–°—Ç—Ä–æ–π—Ç—Ä–∞–Ω—Å–≥–∞–∑¬ª –∫ –û–û–û ¬´–¢—Ä–µ—Å—Ç –ó–∞–ø—Å–∏–±–≥–∏–¥—Ä–æ—Å—Ç—Ä–æ–π¬ª. –ö–æ–º–ø–∞–Ω–∏–∏ –∑–∞–∫–ª—é—á–∞–ª–∏ –¥–æ–≥–æ–≤–æ—Ä —Å—É–±–ø–æ–¥—Ä—è–¥–∞ –Ω–∞ –≤—ã–ø–æ–ª–Ω–µ–Ω–∏–µ —Å—Ç—Ä–æ–∏—Ç–µ–ª—å–Ω—ã—Ö —Ä–∞–±–æ—Ç –≤ —Ä–∞–º–∫–∞—Ö –∫–æ–Ω—Ü–µ—Å—Å–∏–æ–Ω–Ω–æ–≥–æ —Å–æ–≥–ª–∞—à–µ–Ω–∏—è –≤ –ü–µ—Ä–º—Å–∫–æ–º –∫—Ä–∞–µ.

https://www.business-class.su/news/2023/05/18/stroitransgaz-podal-isk-k-subpodryadchiku-stroitelstva-chusovskogo-mosta",–≠–∫–æ–Ω–æ–º–∏–∫–∞,0.89722615
45466,1684562581,"–ß–ª–µ–Ω—ã –ú–æ–ª–æ–¥–µ–∂–Ω–æ–≥–æ –ø–∞—Ä–ª–∞–º–µ–Ω—Ç–∞ –ü–µ—Ä–º–∏ –æ–±—Å—É–¥–∏–ª–∏ —Ä–µ–∑—É–ª—å—Ç–∞—Ç—ã –º–æ–Ω–∏—Ç–æ—Ä–∏–Ω–≥–∞ –¥–æ—Å—Ç—É–ø–Ω–æ—Å—Ç–∏ –≥–æ—Ä–æ–¥—Å–∫–æ–π —Å—Ä–µ–¥—ã –¥–ª—è –º–∞–ª–æ–º–æ–±–∏–ª—å–Ω—ã—Ö –∫–∞—Ç–µ–≥–æ—Ä–∏–π –≥—Ä–∞–∂–¥–∞–Ω. –í —Ü–µ–ª–æ–º –ø–æ –≥–æ—Ä–æ–¥—É –ø–æ–∫–∞–∑–∞—Ç–µ–ª—å —Å–æ—Å—Ç–∞–≤–ª—è–µ—Ç 47 %.

https://www.business-class.su/news/2023/05/19/molparlament-permi-dostupnost-gorodskoi-sredy-dlya-malomobilnyh-grazhdan-okolo-50",–ì–æ—Ä–æ–¥,0.61039275
